ID,Female,Over40,Pasta
1,0,0,Naporitan
2,1,0,Naporitan
3,0,0,Naporitan
4,0,0,Carbonara
5,0,0,Naporitan
6,0,1,MeatSauce
7,0,1,Peperoncino
8,0,1,MeatSauce
9,1,0,Carbonara
10,0,0,Carbonara
11,1,1,MeatSauce
12,0,1,Carbonara
13,0,1,MeatSauce
14,1,1,Naporitan
15,0,0,Naporitan
16,0,1,Naporitan
17,0,1,Peperoncino
18,0,1,MeatSauce
19,1,1,Peperoncino
20,1,1,Peperoncino
21,0,0,Naporitan
22,1,1,Peperoncino
23,0,1,Naporitan
24,0,1,Peperoncino
25,0,1,Naporitan
26,1,0,Naporitan
27,1,0,MeatSauce
28,1,0,Naporitan
29,0,1,Carbonara
30,1,0,Carbonara
31,0,1,Naporitan
32,0,0,Naporitan
33,1,0,Carbonara
34,0,1,Naporitan
35,0,1,Peperoncino
36,1,0,Peperoncino
37,0,1,Naporitan
38,1,0,Carbonara
39,0,1,Peperoncino
40,0,1,MeatSauce
41,1,0,Peperoncino
42,0,0,MeatSauce
43,1,1,Naporitan
44,1,1,Peperoncino
45,1,1,Peperoncino
46,0,1,Naporitan
47,0,1,Carbonara
48,1,0,MeatSauce
49,0,1,Naporitan
50,0,0,Naporitan
51,1,1,MeatSauce
52,1,1,MeatSauce
53,0,0,MeatSauce
54,0,1,Peperoncino
55,0,0,Naporitan
56,0,0,MeatSauce
57,0,0,Naporitan
58,0,1,Peperoncino
59,0,1,MeatSauce
60,0,1,MeatSauce
61,1,1,Naporitan
62,0,0,Naporitan
63,1,0,Naporitan
64,0,1,Carbonara
65,0,1,Carbonara
66,0,0,Naporitan
67,0,0,Carbonara
68,1,1,MeatSauce
69,0,1,Peperoncino
70,1,0,Carbonara
71,1,0,MeatSauce
72,1,1,Peperoncino
73,1,0,Naporitan
74,0,0,MeatSauce
75,1,1,MeatSauce
76,1,0,Carbonara
77,1,0,Peperoncino
78,0,1,Peperoncino
79,0,1,Naporitan
80,0,1,Carbonara
81,0,1,MeatSauce
82,1,0,Naporitan
83,0,0,Naporitan
84,1,1,Naporitan
85,1,1,MeatSauce
86,1,0,Naporitan
87,0,1,Peperoncino
88,1,0,Peperoncino
89,0,0,MeatSauce
90,1,1,MeatSauce
91,0,1,Peperoncino
92,0,1,Naporitan
93,1,0,MeatSauce
94,0,1,MeatSauce
95,1,1,MeatSauce
96,0,1,MeatSauce
97,0,1,Carbonara
98,0,1,Carbonara
99,0,1,MeatSauce
100,1,0,MeatSauce
101,0,1,Carbonara
102,0,1,Peperoncino
103,1,0,MeatSauce
104,1,0,MeatSauce
105,0,1,Carbonara
106,0,0,MeatSauce
107,0,1,MeatSauce
108,1,0,Naporitan
109,0,1,MeatSauce
110,0,1,Carbonara
111,1,0,MeatSauce
112,0,0,Peperoncino
113,0,0,MeatSauce
114,0,0,MeatSauce
115,0,1,Naporitan
116,1,0,Peperoncino
117,0,1,MeatSauce
118,1,0,Naporitan
119,0,0,Peperoncino
120,0,0,Carbonara
121,0,1,Carbonara
122,0,0,MeatSauce
123,1,0,Naporitan
124,1,1,Peperoncino
125,0,1,Carbonara
126,1,0,Naporitan
127,1,0,MeatSauce
128,0,0,Naporitan
129,1,0,Peperoncino
130,1,1,Peperoncino
131,0,1,MeatSauce
132,0,1,Naporitan
133,0,1,Carbonara
134,0,1,MeatSauce
135,0,1,Carbonara
136,0,1,MeatSauce
137,1,0,Peperoncino
138,1,0,Naporitan
139,0,1,Carbonara
140,0,1,Carbonara
141,1,1,Naporitan
142,1,0,Carbonara
143,1,0,Naporitan
144,1,1,Naporitan
145,0,1,Peperoncino
146,0,1,Naporitan
147,0,1,Carbonara
148,1,1,Naporitan
149,0,1,Peperoncino
150,0,1,MeatSauce
151,0,1,Naporitan
152,0,1,Naporitan
153,1,0,MeatSauce
154,0,1,Carbonara
155,1,0,Naporitan
156,0,0,Carbonara
157,0,1,Carbonara
158,1,0,Naporitan
159,1,0,Naporitan
160,0,1,MeatSauce
161,1,0,MeatSauce
162,1,1,MeatSauce
163,0,1,MeatSauce
164,1,1,Carbonara
165,0,1,Peperoncino
166,1,1,Naporitan
167,1,1,MeatSauce
168,0,1,MeatSauce
169,0,1,Carbonara
170,1,1,Peperoncino
171,0,1,Peperoncino
172,1,0,Naporitan
173,0,0,Carbonara
174,0,1,Carbonara
175,0,0,Carbonara
176,1,1,MeatSauce
177,0,0,Carbonara
178,0,1,MeatSauce
179,1,0,Peperoncino
180,0,1,Peperoncino
181,1,0,Carbonara
182,0,1,Carbonara
183,1,1,Peperoncino
184,0,1,MeatSauce
185,0,1,Naporitan
186,0,1,MeatSauce
187,1,1,Naporitan
188,1,1,MeatSauce
189,1,0,MeatSauce
190,0,1,Peperoncino
191,1,1,MeatSauce
192,0,0,MeatSauce
193,0,1,Peperoncino
194,1,1,Peperoncino
195,1,1,Naporitan
196,0,1,Peperoncino
197,0,1,MeatSauce
198,0,0,Carbonara
199,0,1,Carbonara
200,0,1,Naporitan
201,0,1,Carbonara
202,0,1,MeatSauce
203,0,0,Naporitan
204,0,1,MeatSauce
205,0,1,Naporitan
206,0,0,Naporitan
207,1,1,Naporitan
208,0,1,Peperoncino
209,0,1,Carbonara
210,0,1,MeatSauce
211,1,1,Carbonara
212,0,1,Carbonara
213,0,1,MeatSauce
214,0,1,MeatSauce
215,0,0,Carbonara
216,0,1,MeatSauce
217,0,1,Peperoncino
218,0,1,MeatSauce
219,0,1,Naporitan
220,0,1,MeatSauce
221,1,1,Peperoncino
222,1,0,Carbonara
223,1,1,Naporitan
224,0,1,Peperoncino
225,1,0,Naporitan
226,1,0,Carbonara
227,1,1,Naporitan
228,0,0,MeatSauce
229,0,0,MeatSauce
230,1,1,Carbonara
231,0,1,MeatSauce
232,1,0,Naporitan
233,0,1,Naporitan
234,0,0,MeatSauce
235,0,1,MeatSauce
236,1,0,Carbonara
237,0,1,Peperoncino
238,0,0,Peperoncino
239,0,1,Peperoncino
240,0,1,Peperoncino
241,0,1,MeatSauce
242,1,1,Peperoncino
243,0,0,MeatSauce
244,1,0,Carbonara
245,0,1,Peperoncino
246,0,1,Naporitan
247,1,0,MeatSauce
248,1,1,Carbonara
249,0,1,Peperoncino
250,0,1,Peperoncino
251,1,0,Naporitan
252,0,1,MeatSauce
253,0,1,Peperoncino
254,0,0,MeatSauce
255,1,0,MeatSauce
256,1,0,MeatSauce
257,1,0,Carbonara
258,1,1,Naporitan
259,1,1,MeatSauce
260,0,1,Naporitan
261,0,0,Carbonara
262,1,0,MeatSauce
263,1,1,Peperoncino
264,0,1,Peperoncino
265,0,0,Carbonara
266,0,1,Peperoncino
267,0,0,MeatSauce
268,1,0,Naporitan
269,1,0,Carbonara
270,1,0,Naporitan
271,1,1,Carbonara
272,1,0,MeatSauce
273,1,1,Carbonara
274,0,1,Peperoncino
275,1,1,MeatSauce
276,1,1,MeatSauce
277,0,0,Carbonara
278,0,1,Carbonara
279,1,1,Naporitan
280,1,0,Carbonara
281,1,1,Naporitan
282,0,0,MeatSauce
283,0,1,MeatSauce
284,0,0,MeatSauce
285,1,1,MeatSauce
286,0,1,Carbonara
287,0,0,MeatSauce
288,0,1,Naporitan
289,1,1,MeatSauce
290,0,1,MeatSauce
291,1,0,Peperoncino
292,0,0,Naporitan
293,0,0,MeatSauce
294,1,1,MeatSauce
295,1,1,MeatSauce
296,1,0,Carbonara
297,0,1,MeatSauce
298,0,0,Carbonara
299,0,1,Peperoncino
300,1,1,Naporitan
301,1,1,Peperoncino
302,0,1,Carbonara
303,1,1,Carbonara
304,0,0,Peperoncino
305,0,0,MeatSauce
306,1,0,Peperoncino
307,0,1,MeatSauce
308,0,1,MeatSauce
309,0,1,Naporitan
310,0,1,Carbonara
311,0,1,MeatSauce
312,1,1,Carbonara
313,1,1,MeatSauce
314,0,0,MeatSauce
315,0,1,Peperoncino
316,0,1,MeatSauce
317,1,0,MeatSauce
318,0,1,Naporitan
319,0,1,MeatSauce
320,1,1,Carbonara
321,0,1,MeatSauce
322,1,0,Naporitan
323,0,0,MeatSauce
324,0,0,Carbonara
325,0,1,MeatSauce
326,1,1,MeatSauce
327,1,1,Carbonara
328,0,1,Peperoncino
329,0,1,Carbonara
330,0,1,MeatSauce
331,1,1,MeatSauce
332,0,1,Carbonara
333,0,1,Naporitan
334,0,1,MeatSauce
335,1,0,Naporitan
336,0,0,MeatSauce
337,1,0,Carbonara
338,0,1,MeatSauce
339,0,1,MeatSauce
340,0,1,Peperoncino
341,1,0,MeatSauce
342,0,1,Peperoncino
343,0,0,MeatSauce
344,0,0,Naporitan
345,0,1,Peperoncino
346,1,0,Naporitan
347,1,0,Naporitan
348,0,1,Carbonara
349,0,1,Naporitan
350,0,0,Carbonara
351,0,1,MeatSauce
352,0,0,Carbonara
353,0,0,Peperoncino
354,0,0,Naporitan
355,1,0,Peperoncino
356,1,1,MeatSauce
357,0,0,MeatSauce
358,0,1,MeatSauce
359,1,1,MeatSauce
360,0,1,MeatSauce
361,0,0,Carbonara
362,1,0,Naporitan
363,0,0,Carbonara
364,0,1,Carbonara
365,1,1,Carbonara
366,0,1,MeatSauce
367,0,0,Peperoncino
368,1,0,MeatSauce
369,0,1,Peperoncino
370,1,1,MeatSauce
371,1,1,Carbonara
372,1,0,Naporitan
373,0,1,Peperoncino
374,0,1,MeatSauce
375,1,1,Peperoncino
376,0,1,Carbonara
377,1,1,Naporitan
378,1,1,Carbonara
379,0,1,Carbonara
380,0,0,Naporitan
381,0,1,Naporitan
382,0,0,Carbonara
383,1,1,Peperoncino
384,1,0,Carbonara
385,1,0,MeatSauce
386,1,1,Peperoncino
387,1,1,MeatSauce
388,1,1,MeatSauce
389,1,0,MeatSauce
390,1,0,Peperoncino
391,0,0,Carbonara
392,0,1,Naporitan
393,0,1,Carbonara
394,0,0,MeatSauce
395,0,1,Carbonara
396,1,0,Peperoncino
397,0,1,Carbonara
398,0,1,Carbonara
399,0,1,Naporitan
400,0,0,Carbonara
401,0,1,MeatSauce
402,0,1,MeatSauce
403,1,0,Carbonara
404,0,1,Peperoncino
405,1,0,Carbonara
406,1,0,Naporitan
407,1,1,Naporitan
408,1,0,Naporitan
409,0,0,Naporitan
410,0,1,Naporitan
411,1,0,MeatSauce
412,1,1,Peperoncino
413,1,0,Carbonara
414,0,0,MeatSauce
415,0,1,MeatSauce
416,0,0,Carbonara
417,1,1,Peperoncino
418,1,0,Peperoncino
419,0,1,Naporitan
420,1,1,Naporitan
421,0,1,Carbonara
422,1,1,Carbonara
423,1,0,Peperoncino
424,0,0,Naporitan
425,0,0,Carbonara
426,0,1,MeatSauce
427,1,1,Peperoncino
428,1,1,Naporitan
429,0,1,MeatSauce
430,1,1,Peperoncino
431,1,0,Naporitan
432,1,0,Carbonara
433,0,1,Naporitan
434,0,0,MeatSauce
435,1,1,Carbonara
436,0,1,Carbonara
437,1,0,MeatSauce
438,1,1,MeatSauce
439,1,0,MeatSauce
440,0,0,Peperoncino
441,0,1,Naporitan
442,1,1,Naporitan
443,1,1,Carbonara
444,0,1,Peperoncino
445,0,0,MeatSauce
446,0,0,Carbonara
447,1,1,Carbonara
448,0,0,Peperoncino
449,0,0,Carbonara
450,0,0,Carbonara
451,0,1,Peperoncino
452,0,1,Peperoncino
453,0,1,Peperoncino
454,1,1,Carbonara
455,0,0,Naporitan
456,1,1,Naporitan
457,0,0,Naporitan
458,1,0,Naporitan
459,0,0,Carbonara
460,1,0,Naporitan
461,0,1,Peperoncino
462,1,0,MeatSauce
463,1,0,Naporitan
464,1,0,Peperoncino
465,0,1,Carbonara
466,0,0,Carbonara
467,1,0,MeatSauce
468,0,1,MeatSauce
469,1,0,MeatSauce
470,1,0,MeatSauce
471,1,0,Carbonara
472,0,1,Naporitan
473,1,0,Carbonara
474,0,1,Naporitan
475,1,0,MeatSauce
476,1,0,Peperoncino
477,1,1,Carbonara
478,1,0,MeatSauce
479,0,0,MeatSauce
480,0,0,Peperoncino
481,0,1,Naporitan
482,0,0,Peperoncino
483,0,0,Carbonara
484,0,1,Carbonara
485,0,0,Peperoncino
486,1,1,MeatSauce
487,1,1,MeatSauce
488,0,1,MeatSauce
489,0,1,Peperoncino
490,0,1,Carbonara
491,1,0,MeatSauce
492,0,1,Naporitan
493,0,0,MeatSauce
494,1,1,Naporitan
495,0,1,Naporitan
496,1,1,Peperoncino
497,0,1,Carbonara
498,0,1,Carbonara
499,0,1,MeatSauce
500,1,0,Carbonara
501,0,1,Carbonara
502,0,1,Naporitan
503,1,1,Peperoncino
504,0,1,MeatSauce
505,0,0,MeatSauce
506,1,0,Naporitan
507,0,0,Naporitan
508,0,0,Naporitan
509,0,0,MeatSauce
510,1,0,MeatSauce
511,0,1,Peperoncino
512,0,0,Naporitan
513,0,1,Carbonara
514,1,0,Naporitan
515,0,1,Carbonara
516,0,0,Naporitan
517,1,1,Naporitan
518,0,1,MeatSauce
519,1,1,MeatSauce
520,0,0,MeatSauce
521,1,1,Naporitan
522,1,1,Naporitan
523,0,1,Carbonara
524,1,0,Naporitan
525,0,0,MeatSauce
526,0,1,Naporitan
527,1,0,MeatSauce
528,0,1,Naporitan
529,1,1,Naporitan
530,1,1,MeatSauce
531,0,1,Peperoncino
532,0,0,Peperoncino
533,0,1,Naporitan
534,1,0,Carbonara
535,0,0,Peperoncino
536,0,0,Naporitan
537,1,0,Naporitan
538,0,0,Peperoncino
539,0,1,MeatSauce
540,1,1,Carbonara
541,1,0,MeatSauce
542,0,1,MeatSauce
543,0,0,Peperoncino
544,0,0,MeatSauce
545,1,0,Naporitan
546,1,0,Naporitan
547,1,1,Carbonara
548,0,0,Naporitan
549,0,0,MeatSauce
550,1,1,Carbonara
551,0,1,MeatSauce
552,0,1,MeatSauce
553,0,0,Carbonara
554,0,0,Carbonara
555,0,1,MeatSauce
556,0,1,Naporitan
557,0,0,Naporitan
558,1,1,Naporitan
559,0,1,Naporitan
560,1,0,MeatSauce
561,1,0,Carbonara
562,0,0,Naporitan
563,0,1,Peperoncino
564,0,1,MeatSauce
565,1,1,Carbonara
566,1,0,Carbonara
567,0,0,MeatSauce
568,0,1,Carbonara
569,1,1,Naporitan
570,1,0,MeatSauce
571,1,0,Carbonara
572,0,0,Naporitan
573,1,1,Carbonara
574,1,1,Peperoncino
575,0,1,MeatSauce
576,1,1,Naporitan
577,0,0,MeatSauce
578,0,1,Naporitan
579,0,1,MeatSauce
580,0,1,Peperoncino
581,0,1,Naporitan
582,0,1,Naporitan
583,0,0,Naporitan
584,1,0,Naporitan
585,0,0,MeatSauce
586,1,1,Carbonara
587,1,1,MeatSauce
588,1,0,MeatSauce
589,0,0,MeatSauce
590,0,0,MeatSauce
591,0,1,MeatSauce
592,1,1,Carbonara
593,1,1,Carbonara
594,0,0,Naporitan
595,1,1,Carbonara
596,1,1,MeatSauce
597,1,1,Naporitan
598,0,1,Naporitan
599,1,1,Naporitan
600,1,0,Carbonara
601,1,0,MeatSauce
602,1,1,MeatSauce
603,1,1,MeatSauce
604,1,0,Peperoncino
605,0,1,Peperoncino
606,1,0,Naporitan
607,1,0,Naporitan
608,1,0,Naporitan
609,1,1,Naporitan
610,1,0,Naporitan
611,1,0,MeatSauce
612,1,0,MeatSauce
613,1,0,MeatSauce
614,1,0,MeatSauce
615,0,1,MeatSauce
616,1,1,Naporitan
617,0,1,MeatSauce
618,1,1,Carbonara
619,1,1,Carbonara
620,0,1,Carbonara
621,0,0,MeatSauce
622,1,0,Carbonara
623,0,1,MeatSauce
624,0,0,Peperoncino
625,0,1,MeatSauce
626,0,0,MeatSauce
627,0,0,Peperoncino
628,1,1,MeatSauce
629,0,1,MeatSauce
630,0,0,MeatSauce
631,0,0,MeatSauce
632,0,1,Carbonara
633,1,1,Carbonara
634,1,0,Peperoncino
635,0,1,Carbonara
636,0,0,MeatSauce
637,1,1,MeatSauce
638,1,0,Naporitan
639,1,1,Naporitan
640,0,0,MeatSauce
641,0,0,Naporitan
642,1,1,Naporitan
643,1,0,MeatSauce
644,1,0,Naporitan
645,0,1,Naporitan
646,1,0,Naporitan
647,1,0,MeatSauce
648,1,0,MeatSauce
649,0,0,Naporitan
650,1,1,Naporitan
651,1,1,Naporitan
652,0,0,Peperoncino
653,1,1,Peperoncino
654,1,0,MeatSauce
655,1,1,Carbonara
656,1,1,MeatSauce
657,1,1,Naporitan
658,0,0,Carbonara
659,0,0,Naporitan
660,1,0,Peperoncino
661,1,1,Naporitan
662,0,1,MeatSauce
663,0,0,Naporitan
664,1,0,MeatSauce
665,0,1,MeatSauce
666,1,0,MeatSauce
667,1,0,Carbonara
668,1,0,Carbonara
669,0,1,Carbonara
670,0,0,Carbonara
671,0,0,Carbonara
672,1,0,Carbonara
673,1,1,Peperoncino
674,1,1,Naporitan
675,1,0,MeatSauce
676,1,0,MeatSauce
677,0,0,Naporitan
678,1,0,Carbonara
679,0,0,MeatSauce
680,0,0,MeatSauce
681,1,1,Carbonara
682,1,0,Naporitan
683,0,1,MeatSauce
684,1,0,MeatSauce
685,0,0,MeatSauce
686,1,1,Peperoncino
687,1,1,Carbonara
688,0,1,MeatSauce
689,1,1,Peperoncino
690,1,1,Naporitan
691,1,0,MeatSauce
692,1,0,Naporitan
693,1,0,Naporitan
694,0,1,Peperoncino
695,1,0,Naporitan
696,1,1,MeatSauce
697,1,0,Carbonara
698,0,1,MeatSauce
699,1,0,MeatSauce
700,1,1,MeatSauce
701,1,0,MeatSauce
702,0,0,Carbonara
703,1,1,Naporitan
704,0,1,Carbonara
705,1,1,Carbonara
706,1,0,MeatSauce
707,1,0,MeatSauce
708,0,1,MeatSauce
709,1,0,Peperoncino
710,1,0,Carbonara
711,0,0,MeatSauce
712,1,0,Naporitan
713,1,1,Naporitan
714,1,0,Carbonara
715,1,1,Peperoncino
716,0,0,MeatSauce
717,1,0,MeatSauce
718,0,1,Naporitan
719,0,1,MeatSauce
720,1,1,Carbonara
721,0,0,Naporitan
722,1,1,MeatSauce
723,0,0,Peperoncino
724,1,0,Carbonara
725,0,1,Naporitan
726,0,0,MeatSauce
727,1,0,Carbonara
728,1,0,MeatSauce
729,0,1,Peperoncino
730,0,0,Peperoncino
731,0,0,MeatSauce
732,0,1,Carbonara
733,1,0,Naporitan
734,1,1,Peperoncino
735,1,0,Carbonara
736,1,1,Naporitan
737,0,0,Peperoncino
738,1,1,MeatSauce
739,1,0,MeatSauce
740,0,0,Carbonara
741,1,1,MeatSauce
742,0,0,MeatSauce
743,1,1,Carbonara
744,0,1,MeatSauce
745,0,1,MeatSauce
746,1,1,Peperoncino
747,1,0,Naporitan
748,0,1,MeatSauce
749,1,0,Carbonara
750,0,1,Naporitan
751,1,0,MeatSauce
752,1,0,MeatSauce
753,1,0,MeatSauce
754,1,1,Carbonara
755,1,0,Peperoncino
756,0,1,Naporitan
757,1,0,MeatSauce
758,0,1,Naporitan
759,0,0,Naporitan
760,1,0,Naporitan
761,0,0,Carbonara
762,0,1,Peperoncino
763,0,1,MeatSauce
764,0,0,Peperoncino
765,1,0,MeatSauce
766,0,1,Carbonara
767,0,1,Peperoncino
768,0,1,Peperoncino
769,1,1,Peperoncino
770,0,0,MeatSauce
771,0,0,Peperoncino
772,1,0,Naporitan
773,1,0,Naporitan
774,0,0,Peperoncino
775,0,1,Naporitan
776,1,0,Naporitan
777,0,0,Carbonara
778,1,0,MeatSauce
779,1,0,Carbonara
780,0,1,Carbonara
781,0,0,Naporitan
782,0,0,Naporitan
783,0,1,Peperoncino
784,0,0,Carbonara
785,1,1,MeatSauce
786,1,1,MeatSauce
787,0,0,MeatSauce
788,1,0,Naporitan
789,1,0,MeatSauce
790,0,0,MeatSauce
791,1,0,Carbonara
792,1,0,Naporitan
793,1,0,Naporitan
794,1,1,Naporitan
795,1,1,MeatSauce
796,1,1,Carbonara
797,0,0,MeatSauce
798,0,1,MeatSauce
799,0,1,Peperoncino
800,1,1,Peperoncino
801,0,0,Carbonara
802,0,1,MeatSauce
803,0,0,Naporitan
804,0,1,Naporitan
805,1,0,MeatSauce
806,0,0,MeatSauce
807,0,0,Carbonara
808,0,1,Naporitan
809,0,0,MeatSauce
810,1,1,Carbonara
811,1,1,Carbonara
812,1,0,Naporitan
813,1,0,MeatSauce
814,1,0,MeatSauce
815,0,1,MeatSauce
816,1,0,Peperoncino
817,0,1,Carbonara
818,0,0,Naporitan
819,1,0,Peperoncino
820,0,1,MeatSauce
821,0,0,Peperoncino
822,0,0,Peperoncino
823,1,0,Carbonara
824,0,1,Carbonara
825,1,0,Peperoncino
826,1,1,MeatSauce
827,1,0,Carbonara
828,0,1,Carbonara
829,0,1,MeatSauce
830,1,1,Naporitan
831,1,1,Naporitan
832,1,0,Naporitan
833,1,0,MeatSauce
834,0,1,MeatSauce
835,1,0,Carbonara
836,1,0,Naporitan
837,0,0,MeatSauce
838,1,0,Carbonara
839,0,0,Carbonara
840,0,0,Carbonara
841,0,0,MeatSauce
842,0,1,MeatSauce
843,0,1,MeatSauce
844,1,1,Peperoncino
845,0,0,MeatSauce
846,0,0,Carbonara
847,1,0,Peperoncino
848,1,0,MeatSauce
849,1,0,MeatSauce
850,0,1,MeatSauce
851,0,0,Naporitan
852,1,1,MeatSauce
853,0,1,Carbonara
854,0,1,Naporitan
855,1,1,Carbonara
856,1,1,Peperoncino
857,1,1,MeatSauce
858,1,0,MeatSauce
859,1,0,MeatSauce
860,1,1,Peperoncino
861,0,0,Naporitan
862,1,0,MeatSauce
863,0,1,Naporitan
864,0,1,Carbonara
865,1,0,MeatSauce
866,0,1,Naporitan
867,0,1,MeatSauce
868,0,0,Naporitan
869,0,1,MeatSauce
870,0,0,Peperoncino
871,0,1,Peperoncino
872,0,1,Naporitan
873,0,0,MeatSauce
874,1,1,Naporitan
875,0,1,Carbonara
876,1,1,Naporitan
877,1,1,Peperoncino
878,0,1,MeatSauce
879,1,0,Carbonara
880,1,0,Carbonara
881,1,1,Naporitan
882,1,0,MeatSauce
883,1,1,Naporitan
884,1,0,MeatSauce
885,0,1,MeatSauce
886,1,1,MeatSauce
887,0,1,Peperoncino
888,0,0,Naporitan
889,0,0,Naporitan
890,1,0,Carbonara
891,1,1,Peperoncino
892,0,1,Naporitan
893,1,0,MeatSauce
894,1,0,Carbonara
895,1,1,Carbonara
896,0,1,Naporitan
897,0,1,Naporitan
898,1,0,Carbonara
899,1,0,Naporitan
900,1,1,Naporitan
901,0,1,Carbonara
902,1,1,MeatSauce
903,1,0,Naporitan
904,1,1,Carbonara
905,0,0,Carbonara
906,1,0,Naporitan
907,1,0,Carbonara
908,0,0,Carbonara
909,0,1,Naporitan
910,0,1,MeatSauce
911,0,0,Carbonara
912,0,0,Carbonara
913,0,0,Carbonara
914,1,0,Naporitan
915,1,0,Carbonara
916,1,0,Naporitan
917,0,1,Peperoncino
918,1,1,Carbonara
919,1,0,Carbonara
920,0,0,MeatSauce
921,1,1,Carbonara
922,0,0,Carbonara
923,1,0,Naporitan
924,1,0,Peperoncino
925,0,0,Peperoncino
926,1,0,MeatSauce
927,1,1,Carbonara
928,0,1,Naporitan
929,1,0,Naporitan
930,1,0,MeatSauce
931,0,0,Naporitan
932,0,1,Naporitan
933,1,0,Carbonara
934,1,0,Carbonara
935,1,1,Naporitan
936,0,0,MeatSauce
937,0,0,Naporitan
938,1,1,Naporitan
939,0,0,Naporitan
940,1,0,Peperoncino
941,0,0,MeatSauce
942,0,1,Carbonara
943,0,1,Naporitan
944,0,0,Naporitan
945,1,0,Carbonara
946,0,0,MeatSauce
947,1,1,Carbonara
948,0,1,MeatSauce
949,0,0,Naporitan
950,1,0,MeatSauce
951,1,0,Naporitan
952,1,1,Peperoncino
953,1,0,Naporitan
954,1,0,Naporitan
955,0,0,MeatSauce
956,0,1,Peperoncino
957,0,0,Naporitan
958,1,1,Peperoncino
959,1,0,MeatSauce
960,1,1,Carbonara
961,0,0,MeatSauce
962,1,0,Carbonara
963,1,0,Naporitan
964,1,1,Peperoncino
965,1,0,Carbonara
966,0,0,Naporitan
967,0,1,Carbonara
968,0,1,Carbonara
969,1,1,Carbonara
970,1,0,Naporitan
971,0,1,MeatSauce
972,1,0,Carbonara
973,0,0,Naporitan
974,1,1,MeatSauce
975,1,0,Carbonara
976,0,1,Carbonara
977,1,1,MeatSauce
978,1,0,Carbonara
979,1,1,Naporitan
980,1,1,MeatSauce
981,1,0,MeatSauce
982,0,0,Peperoncino
983,1,0,Carbonara
984,0,0,Naporitan
985,0,0,Naporitan
986,0,1,MeatSauce
987,0,1,MeatSauce
988,0,1,Naporitan
989,1,1,Peperoncino
990,0,1,Peperoncino
991,0,0,MeatSauce
992,0,0,MeatSauce
993,1,0,Naporitan
994,1,0,Naporitan
995,1,0,Naporitan
996,1,1,Naporitan
997,0,0,MeatSauce
998,1,1,Peperoncino
999,1,1,Naporitan
1000,1,0,Carbonara
1001,1,0,MeatSauce
1002,1,1,MeatSauce
1003,1,1,MeatSauce
1004,0,1,Peperoncino
1005,1,1,MeatSauce
1006,0,1,Carbonara
1007,0,1,Naporitan
1008,0,0,Carbonara
1009,0,1,Naporitan
1010,1,1,Carbonara
1011,1,0,Peperoncino
1012,0,1,MeatSauce
1013,1,0,MeatSauce
1014,1,1,Peperoncino
1015,0,1,Carbonara
1016,1,0,Carbonara
1017,0,1,Carbonara
1018,1,0,Naporitan
1019,1,1,Carbonara
1020,1,1,Carbonara
1021,1,1,Peperoncino
1022,0,1,Carbonara
1023,1,0,Naporitan
1024,1,0,Carbonara
1025,1,0,Naporitan
1026,1,0,Carbonara
1027,1,1,MeatSauce
1028,1,0,Naporitan
1029,1,0,Carbonara
1030,0,0,MeatSauce
1031,0,0,Carbonara
1032,0,1,MeatSauce
1033,0,0,Naporitan
1034,0,0,MeatSauce
1035,0,1,Naporitan
1036,0,1,Carbonara
1037,1,0,Naporitan
1038,1,0,Carbonara
1039,1,1,Peperoncino
1040,0,0,Carbonara
1041,0,1,Peperoncino
1042,0,1,Peperoncino
1043,1,0,MeatSauce
1044,1,1,MeatSauce
1045,0,1,Carbonara
1046,1,1,Peperoncino
1047,0,1,MeatSauce
1048,0,1,MeatSauce
1049,0,1,Carbonara
1050,1,1,MeatSauce
1051,1,1,Carbonara
1052,0,1,MeatSauce
1053,1,0,MeatSauce
1054,1,0,Naporitan
1055,1,0,Carbonara
1056,0,1,Naporitan
1057,0,0,Carbonara
1058,0,1,Peperoncino
1059,1,0,Naporitan
1060,0,0,Naporitan
1061,0,1,Naporitan
1062,1,0,Peperoncino
1063,1,0,Naporitan
1064,0,1,MeatSauce
1065,0,0,MeatSauce
1066,0,1,Peperoncino
1067,1,0,MeatSauce
1068,1,0,Naporitan
1069,1,0,Carbonara
1070,1,1,Naporitan
1071,0,0,Naporitan
1072,0,1,Peperoncino
1073,0,1,Peperoncino
1074,1,0,Carbonara
1075,0,1,Peperoncino
1076,1,1,Peperoncino
1077,1,1,Carbonara
1078,0,0,Naporitan
1079,1,1,Peperoncino
1080,1,0,Naporitan
1081,1,0,Naporitan
1082,1,1,MeatSauce
1083,1,1,Peperoncino
1084,0,1,MeatSauce
1085,1,1,Carbonara
1086,0,1,Peperoncino
1087,0,1,MeatSauce
1088,1,1,Carbonara
1089,1,0,Carbonara
1090,1,0,Carbonara
1091,1,1,Peperoncino
1092,0,1,Carbonara
1093,1,0,MeatSauce
1094,1,0,Peperoncino
1095,1,1,Peperoncino
1096,0,1,Peperoncino
1097,1,0,Peperoncino
1098,0,0,MeatSauce
1099,0,0,Naporitan
1100,0,1,MeatSauce
1101,1,0,Peperoncino
1102,1,0,MeatSauce
1103,1,0,Peperoncino
1104,1,0,Carbonara
1105,0,1,MeatSauce
1106,1,0,MeatSauce
1107,1,0,Carbonara
1108,0,1,Naporitan
1109,1,0,Carbonara
1110,1,0,MeatSauce
1111,0,0,Carbonara
1112,1,0,MeatSauce
1113,1,1,Carbonara
1114,1,0,Peperoncino
1115,0,1,Carbonara
1116,1,1,MeatSauce
1117,0,1,MeatSauce
1118,0,0,Naporitan
1119,1,1,Peperoncino
1120,0,1,Naporitan
1121,1,0,Naporitan
1122,1,0,Carbonara
1123,0,0,Carbonara
1124,1,1,Naporitan
1125,0,1,Carbonara
1126,0,0,Peperoncino
1127,1,0,MeatSauce
1128,0,0,MeatSauce
1129,1,0,Carbonara
1130,1,1,Peperoncino
1131,0,0,Naporitan
1132,1,1,Peperoncino
1133,0,0,Naporitan
1134,1,1,Peperoncino
1135,1,1,Peperoncino
