player,trial,stone_type,result
1,1,Paid,R
1,2,Paid,R
1,3,Paid,SR
1,4,Free,R
1,5,Paid,N
1,6,Free,N
1,7,Free,SSR
1,8,Free,N
1,9,Free,N
1,10,Free,N
1,11,Free,SR
1,12,Free,N
1,13,Free,R
1,14,Free,R
1,15,Free,R
1,16,Free,R
1,17,Free,N
1,18,Free,N
1,19,Paid,N
1,20,Free,N
1,21,Paid,N
1,22,Free,R
1,23,Free,N
1,24,Free,N
1,25,Paid,N
1,26,Free,N
1,27,Free,SR
1,28,Free,R
1,29,Free,N
1,30,Free,R
1,31,Free,N
1,32,Free,N
1,33,Paid,R
1,34,Free,N
1,35,Free,R
1,36,Paid,N
1,37,Free,N
1,38,Paid,SR
1,39,Free,R
1,40,Paid,N
1,41,Paid,N
1,42,Free,R
1,43,Paid,R
1,44,Free,R
1,45,Free,N
1,46,Paid,N
2,1,Paid,R
2,2,Paid,SSR
2,3,Free,R
2,4,Free,N
2,5,Free,SSR
2,6,Free,N
2,7,Free,N
2,8,Free,N
2,9,Free,N
2,10,Free,SSR
2,11,Free,N
2,12,Free,N
2,13,Free,N
2,14,Paid,SR
2,15,Paid,N
2,16,Free,N
2,17,Free,N
2,18,Paid,N
2,19,Free,R
2,20,Paid,N
2,21,Free,N
2,22,Free,SR
2,23,Free,R
2,24,Free,N
2,25,Free,R
2,26,Free,R
2,27,Free,N
2,28,Free,N
2,29,Free,N
2,30,Paid,SSR
2,31,Free,N
2,32,Paid,N
2,33,Free,N
2,34,Free,N
2,35,Free,N
2,36,Free,N
2,37,Free,N
2,38,Free,SR
2,39,Free,SR
2,40,Free,SR
2,41,Free,R
2,42,Paid,N
2,43,Free,N
2,44,Free,R
2,45,Paid,N
2,46,Paid,N
2,47,Free,R
2,48,Free,N
2,49,Free,R
2,50,Free,R
2,51,Free,SR
2,52,Free,N
2,53,Free,N
2,54,Free,N
3,1,Paid,R
3,2,Paid,R
3,3,Free,N
3,4,Paid,SSR
3,5,Paid,N
3,6,Free,R
3,7,Paid,N
3,8,Paid,SR
3,9,Paid,SR
3,10,Paid,SR
3,11,Free,SR
3,12,Paid,R
3,13,Free,N
3,14,Free,R
3,15,Paid,SR
3,16,Free,R
3,17,Free,R
3,18,Free,SR
3,19,Free,N
3,20,Free,N
3,21,Paid,N
3,22,Free,N
3,23,Paid,SR
3,24,Free,N
3,25,Free,SR
3,26,Free,N
3,27,Free,N
3,28,Paid,N
3,29,Paid,N
3,30,Paid,N
3,31,Free,N
3,32,Free,N
3,33,Paid,R
3,34,Paid,SR
3,35,Free,N
3,36,Free,N
3,37,Free,N
3,38,Free,R
3,39,Paid,N
3,40,Free,SR
3,41,Paid,SR
3,42,Free,N
3,43,Free,N
3,44,Free,SSR
3,45,Free,N
3,46,Free,N
3,47,Free,N
3,48,Free,R
3,49,Free,N
3,50,Paid,N
3,51,Paid,N
3,52,Free,SR
3,53,Free,N
3,54,Paid,SR
3,55,Free,N
3,56,Free,N
3,57,Free,N
3,58,Free,N
3,59,Free,N
3,60,Paid,SR
3,61,Free,R
3,62,Paid,R
3,63,Free,R
3,64,Free,SSR
3,65,Free,N
4,1,Paid,SR
4,2,Paid,SSR
4,3,Paid,SR
4,4,Free,R
4,5,Free,N
4,6,Paid,N
4,7,Free,SR
4,8,Free,N
4,9,Paid,R
4,10,Paid,R
4,11,Paid,N
4,12,Free,N
4,13,Paid,N
4,14,Free,N
4,15,Paid,N
4,16,Free,R
4,17,Paid,N
4,18,Free,N
4,19,Free,N
4,20,Free,N
4,21,Free,SR
4,22,Paid,N
4,23,Free,N
4,24,Free,SSR
4,25,Free,N
4,26,Paid,SR
4,27,Paid,R
4,28,Free,N
4,29,Free,R
4,30,Paid,N
4,31,Paid,N
4,32,Paid,N
4,33,Paid,N
4,34,Paid,R
4,35,Free,N
4,36,Free,SR
4,37,Paid,N
4,38,Free,SR
4,39,Free,R
4,40,Free,SR
4,41,Free,N
4,42,Free,SSR
4,43,Free,SSR
4,44,Paid,N
4,45,Free,N
5,1,Paid,SR
5,2,Free,N
5,3,Free,SR
5,4,Free,N
5,5,Free,N
5,6,Free,R
5,7,Paid,N
5,8,Paid,SR
5,9,Free,R
6,1,Free,SSR
6,2,Paid,N
6,3,Free,SSR
6,4,Free,N
6,5,Paid,N
6,6,Free,R
6,7,Paid,SR
6,8,Paid,N
6,9,Free,N
6,10,Free,N
6,11,Paid,N
6,12,Free,R
6,13,Free,N
6,14,Free,R
6,15,Free,N
6,16,Free,R
6,17,Paid,N
6,18,Paid,SR
6,19,Free,N
6,20,Free,R
6,21,Free,SSR
6,22,Free,N
6,23,Paid,N
6,24,Paid,N
6,25,Free,SR
6,26,Paid,N
6,27,Free,SSR
6,28,Free,N
6,29,Paid,N
6,30,Free,N
6,31,Free,N
6,32,Free,N
6,33,Free,R
6,34,Paid,R
6,35,Free,N
6,36,Free,R
6,37,Free,N
6,38,Paid,SSR
6,39,Free,N
6,40,Free,N
6,41,Free,N
6,42,Paid,R
6,43,Free,N
6,44,Free,R
6,45,Free,SR
6,46,Free,SR
6,47,Paid,N
6,48,Free,N
6,49,Free,R
6,50,Free,N
6,51,Paid,SR
6,52,Free,SR
6,53,Paid,R
6,54,Free,R
6,55,Paid,SR
6,56,Free,N
6,57,Free,SR
6,58,Paid,N
6,59,Free,R
7,1,Paid,N
7,2,Free,SR
7,3,Paid,R
7,4,Free,N
7,5,Free,R
7,6,Paid,SR
7,7,Paid,N
7,8,Free,R
7,9,Free,N
7,10,Free,SSR
7,11,Paid,R
7,12,Paid,N
7,13,Paid,R
7,14,Free,N
7,15,Paid,N
7,16,Free,N
7,17,Free,N
7,18,Paid,R
7,19,Free,N
7,20,Free,N
7,21,Free,N
7,22,Free,N
7,23,Free,N
7,24,Paid,R
7,25,Free,N
7,26,Paid,N
7,27,Free,N
7,28,Free,R
7,29,Free,SR
7,30,Free,N
7,31,Free,N
7,32,Paid,SR
7,33,Free,N
7,34,Paid,N
7,35,Free,R
7,36,Free,SR
7,37,Free,R
7,38,Free,R
7,39,Free,N
7,40,Free,N
7,41,Free,N
7,42,Free,N
7,43,Free,N
7,44,Free,N
7,45,Paid,N
7,46,Free,R
7,47,Free,N
7,48,Paid,N
7,49,Free,SR
7,50,Free,SR
7,51,Free,SSR
7,52,Free,R
7,53,Free,N
7,54,Free,N
7,55,Free,R
7,56,Free,N
7,57,Free,N
7,58,Paid,N
7,59,Paid,N
7,60,Free,N
7,61,Free,N
7,62,Free,R
7,63,Paid,N
7,64,Free,N
7,65,Free,R
7,66,Free,R
7,67,Free,R
7,68,Free,N
7,69,Free,R
7,70,Paid,R
7,71,Free,R
8,1,Paid,N
8,2,Free,N
8,3,Free,N
8,4,Free,N
8,5,Paid,SR
8,6,Free,R
8,7,Free,SR
8,8,Paid,R
8,9,Paid,R
8,10,Paid,N
8,11,Free,N
8,12,Free,N
8,13,Paid,SR
8,14,Free,R
8,15,Paid,N
8,16,Free,SSR
8,17,Free,R
8,18,Free,N
8,19,Free,N
8,20,Free,R
8,21,Free,R
8,22,Paid,N
8,23,Free,N
8,24,Paid,N
8,25,Paid,R
8,26,Paid,N
8,27,Paid,SR
8,28,Free,SR
8,29,Free,N
8,30,Free,R
8,31,Paid,SR
8,32,Paid,R
8,33,Paid,N
8,34,Paid,N
8,35,Free,N
8,36,Free,R
8,37,Free,SR
8,38,Paid,SSR
8,39,Free,N
8,40,Free,SSR
8,41,Free,SR
8,42,Free,R
8,43,Free,N
8,44,Free,SR
8,45,Free,N
8,46,Paid,SSR
8,47,Free,N
8,48,Free,N
8,49,Free,N
8,50,Free,N
8,51,Free,R
8,52,Free,N
8,53,Paid,SSR
8,54,Free,R
9,1,Paid,R
9,2,Paid,N
9,3,Free,R
9,4,Paid,R
9,5,Free,N
9,6,Paid,N
9,7,Paid,N
9,8,Free,N
9,9,Paid,R
9,10,Paid,SSR
9,11,Free,N
9,12,Paid,SR
9,13,Free,R
9,14,Free,N
9,15,Free,N
9,16,Paid,R
9,17,Free,N
9,18,Free,N
9,19,Free,N
9,20,Free,SR
9,21,Free,N
9,22,Paid,N
9,23,Free,N
9,24,Free,N
9,25,Paid,N
9,26,Free,SR
9,27,Free,SR
9,28,Free,N
9,29,Free,SR
9,30,Free,R
9,31,Free,N
9,32,Free,R
9,33,Paid,SSR
9,34,Free,SR
9,35,Free,N
9,36,Free,N
9,37,Free,SR
9,38,Free,N
9,39,Paid,N
9,40,Free,SR
9,41,Free,N
9,42,Paid,R
9,43,Paid,R
9,44,Paid,N
9,45,Free,N
9,46,Free,N
9,47,Free,R
9,48,Paid,N
9,49,Free,N
9,50,Free,N
9,51,Paid,SR
9,52,Paid,N
9,53,Free,N
9,54,Paid,R
9,55,Free,N
9,56,Free,SSR
10,1,Paid,R
10,2,Paid,N
10,3,Free,SR
10,4,Free,N
10,5,Free,N
10,6,Free,N
10,7,Free,N
10,8,Paid,R
10,9,Free,N
10,10,Free,N
10,11,Paid,N
10,12,Free,N
10,13,Free,N
10,14,Free,N
10,15,Paid,SR
10,16,Free,N
10,17,Free,N
10,18,Paid,R
10,19,Free,N
10,20,Free,N
10,21,Paid,SSR
10,22,Free,N
10,23,Free,N
10,24,Free,SR
10,25,Free,SR
10,26,Free,N
10,27,Free,R
10,28,Free,N
10,29,Free,SSR
10,30,Free,N
10,31,Free,R
10,32,Paid,R
10,33,Paid,SR
10,34,Free,N
10,35,Paid,N
10,36,Free,SR
10,37,Free,N
10,38,Paid,R
10,39,Paid,N
10,40,Free,N
10,41,Free,N
10,42,Free,N
10,43,Free,N
10,44,Paid,N
10,45,Free,N
10,46,Free,N
10,47,Free,R
10,48,Free,N
10,49,Paid,N
10,50,Paid,SR
10,51,Free,N
10,52,Free,SR
10,53,Paid,N
10,54,Free,N
10,55,Free,N
10,56,Free,N
10,57,Paid,N
10,58,Free,N
10,59,Free,N
10,60,Free,SR
10,61,Free,N
10,62,Free,N
10,63,Free,SR
10,64,Paid,R
10,65,Free,N
10,66,Free,N
10,67,Free,R
10,68,Paid,SR
10,69,Free,SSR
10,70,Free,R
10,71,Paid,N
10,72,Free,N
10,73,Free,N
10,74,Paid,SSR
10,75,Paid,N
10,76,Free,N
10,77,Free,N
10,78,Free,N
10,79,Paid,R
10,80,Free,N
10,81,Paid,N
10,82,Free,N
10,83,Free,SR
10,84,Free,SR
10,85,Free,SR
10,86,Paid,N
10,87,Paid,SR
10,88,Free,SR
10,89,Paid,R
10,90,Free,R
10,91,Free,R
10,92,Paid,N
10,93,Paid,N
10,94,Free,N
10,95,Paid,N
10,96,Paid,N
11,1,Free,R
11,2,Paid,R
11,3,Free,N
11,4,Paid,R
11,5,Paid,N
11,6,Free,N
11,7,Free,R
11,8,Free,N
11,9,Free,N
11,10,Free,R
11,11,Paid,N
11,12,Free,N
11,13,Paid,N
11,14,Free,N
11,15,Free,N
11,16,Paid,SR
11,17,Free,N
11,18,Free,R
11,19,Paid,N
11,20,Free,N
11,21,Free,N
11,22,Free,N
11,23,Paid,R
11,24,Free,N
11,25,Free,R
11,26,Paid,N
11,27,Paid,SR
11,28,Paid,R
11,29,Free,R
11,30,Free,N
11,31,Paid,N
11,32,Free,R
11,33,Free,R
11,34,Free,N
11,35,Paid,N
11,36,Free,R
11,37,Paid,R
11,38,Free,N
11,39,Free,N
11,40,Paid,SR
11,41,Free,N
11,42,Free,N
11,43,Free,SR
11,44,Paid,R
11,45,Free,N
11,46,Paid,SSR
11,47,Free,N
11,48,Free,N
11,49,Free,N
11,50,Free,N
11,51,Free,R
11,52,Paid,N
11,53,Free,R
11,54,Free,R
11,55,Free,N
11,56,Paid,SR
11,57,Free,N
11,58,Paid,SSR
11,59,Free,N
11,60,Paid,N
11,61,Free,SR
11,62,Free,N
11,63,Paid,N
11,64,Free,N
11,65,Paid,N
11,66,Paid,SR
11,67,Free,R
11,68,Free,N
11,69,Free,SR
11,70,Free,N
11,71,Paid,SR
12,1,Paid,N
12,2,Free,N
12,3,Free,N
12,4,Paid,N
12,5,Paid,R
12,6,Free,R
12,7,Paid,SR
12,8,Paid,N
12,9,Free,SR
12,10,Free,R
12,11,Free,N
12,12,Free,N
12,13,Paid,SR
12,14,Free,N
12,15,Paid,R
12,16,Paid,SR
12,17,Free,R
12,18,Free,R
12,19,Free,R
12,20,Paid,N
12,21,Free,N
12,22,Free,N
12,23,Paid,N
12,24,Free,N
12,25,Free,N
12,26,Free,N
12,27,Free,N
12,28,Free,N
12,29,Free,SR
12,30,Paid,N
12,31,Paid,SR
12,32,Free,N
12,33,Free,R
12,34,Free,R
13,1,Free,N
13,2,Free,N
13,3,Paid,N
13,4,Free,R
13,5,Free,SSR
13,6,Paid,N
13,7,Free,N
13,8,Free,SR
13,9,Free,N
13,10,Free,R
13,11,Paid,N
13,12,Free,N
13,13,Free,N
13,14,Free,N
13,15,Paid,SR
13,16,Paid,R
13,17,Free,SR
13,18,Free,SSR
13,19,Paid,N
13,20,Paid,N
13,21,Paid,N
13,22,Paid,N
13,23,Paid,R
13,24,Free,N
13,25,Free,N
13,26,Paid,N
13,27,Paid,N
13,28,Paid,N
13,29,Free,N
13,30,Free,R
13,31,Free,N
13,32,Free,N
13,33,Paid,SR
13,34,Free,N
13,35,Paid,SR
13,36,Paid,N
13,37,Paid,N
13,38,Paid,SR
13,39,Free,N
13,40,Paid,N
13,41,Paid,N
13,42,Free,N
13,43,Free,N
13,44,Free,N
13,45,Free,N
13,46,Free,SR
13,47,Free,N
13,48,Free,N
13,49,Free,N
13,50,Free,R
13,51,Paid,N
13,52,Free,N
13,53,Free,R
13,54,Free,SR
13,55,Free,N
13,56,Free,R
13,57,Paid,N
13,58,Free,R
13,59,Free,R
13,60,Free,N
13,61,Free,R
13,62,Free,R
13,63,Paid,N
13,64,Free,N
13,65,Free,N
13,66,Free,SR
13,67,Free,SR
13,68,Paid,N
13,69,Free,R
13,70,Free,N
13,71,Paid,SR
13,72,Free,N
13,73,Free,N
14,1,Free,R
14,2,Free,N
14,3,Free,N
14,4,Free,N
14,5,Paid,SR
14,6,Free,N
14,7,Paid,N
14,8,Paid,N
14,9,Free,R
14,10,Paid,R
14,11,Free,N
14,12,Free,R
14,13,Free,SSR
14,14,Free,N
14,15,Free,N
14,16,Free,N
14,17,Free,N
14,18,Free,R
14,19,Free,SSR
14,20,Free,N
14,21,Free,N
14,22,Paid,N
14,23,Paid,R
14,24,Paid,N
14,25,Free,N
14,26,Free,N
14,27,Free,SR
14,28,Paid,N
14,29,Paid,R
14,30,Free,R
14,31,Free,SSR
14,32,Free,N
14,33,Free,N
14,34,Free,N
14,35,Paid,N
14,36,Paid,SR
14,37,Free,N
14,38,Free,N
14,39,Free,SR
14,40,Free,R
14,41,Paid,N
14,42,Free,N
14,43,Free,SR
14,44,Paid,N
14,45,Free,N
14,46,Free,R
14,47,Paid,SR
14,48,Paid,N
14,49,Free,N
14,50,Free,R
14,51,Paid,N
14,52,Paid,SR
14,53,Free,R
14,54,Paid,N
14,55,Paid,N
14,56,Paid,N
14,57,Free,SSR
14,58,Free,N
14,59,Paid,R
14,60,Free,R
14,61,Paid,SR
14,62,Free,R
14,63,Paid,N
14,64,Paid,N
14,65,Free,R
14,66,Free,R
14,67,Free,N
14,68,Free,N
14,69,Free,R
14,70,Free,R
14,71,Paid,SR
14,72,Free,N
14,73,Free,N
14,74,Free,N
14,75,Paid,R
14,76,Paid,SR
14,77,Free,N
14,78,Free,R
14,79,Paid,N
14,80,Free,N
14,81,Free,SR
14,82,Free,N
14,83,Paid,SR
14,84,Free,R
14,85,Free,N
15,1,Free,N
15,2,Free,R
15,3,Free,N
15,4,Free,R
15,5,Free,SR
15,6,Free,R
15,7,Free,SSR
15,8,Free,R
15,9,Free,N
15,10,Free,SR
15,11,Free,SSR
15,12,Free,N
16,1,Free,N
16,2,Paid,SR
16,3,Free,N
16,4,Free,SR
16,5,Free,SR
16,6,Free,R
16,7,Free,SSR
16,8,Paid,R
16,9,Free,N
16,10,Free,N
16,11,Paid,N
16,12,Free,R
16,13,Free,R
16,14,Free,N
17,1,Free,R
17,2,Free,N
17,3,Free,N
17,4,Free,N
17,5,Paid,SR
17,6,Paid,R
17,7,Paid,N
17,8,Free,R
17,9,Free,N
17,10,Free,SR
17,11,Free,N
17,12,Free,R
17,13,Paid,SR
17,14,Free,SR
17,15,Free,N
17,16,Paid,R
17,17,Free,N
17,18,Paid,N
17,19,Free,R
17,20,Free,N
17,21,Free,R
17,22,Free,R
17,23,Free,N
17,24,Free,N
17,25,Free,N
17,26,Free,N
17,27,Free,R
17,28,Free,N
17,29,Paid,R
17,30,Free,N
17,31,Free,SR
17,32,Paid,R
17,33,Free,N
17,34,Paid,N
17,35,Free,N
17,36,Free,N
17,37,Paid,N
17,38,Free,R
17,39,Paid,SR
17,40,Free,R
17,41,Free,N
17,42,Free,SR
17,43,Paid,N
17,44,Free,N
17,45,Free,N
17,46,Free,R
17,47,Paid,N
17,48,Free,N
17,49,Free,N
17,50,Free,R
17,51,Paid,SR
17,52,Free,R
17,53,Paid,N
17,54,Free,N
17,55,Free,R
17,56,Free,N
17,57,Free,N
17,58,Paid,SSR
17,59,Free,N
17,60,Free,N
17,61,Free,R
17,62,Paid,R
17,63,Free,N
17,64,Free,N
17,65,Free,SR
17,66,Free,R
17,67,Paid,N
17,68,Free,SR
17,69,Paid,N
17,70,Free,N
17,71,Free,SR
18,1,Free,R
18,2,Free,N
18,3,Paid,N
18,4,Paid,N
18,5,Free,N
18,6,Paid,R
18,7,Free,N
18,8,Paid,N
18,9,Free,R
18,10,Free,N
18,11,Paid,N
18,12,Free,N
18,13,Paid,SR
18,14,Free,N
18,15,Free,R
18,16,Free,N
18,17,Free,N
18,18,Paid,SR
18,19,Paid,N
18,20,Paid,N
18,21,Paid,R
18,22,Free,R
18,23,Paid,N
18,24,Free,R
18,25,Free,R
18,26,Free,N
18,27,Paid,SR
18,28,Free,N
18,29,Free,R
18,30,Paid,N
18,31,Free,N
18,32,Free,R
18,33,Free,SSR
18,34,Paid,SR
18,35,Paid,R
18,36,Free,N
18,37,Free,N
18,38,Paid,N
18,39,Paid,N
18,40,Free,N
18,41,Free,N
18,42,Free,R
18,43,Free,SR
18,44,Free,R
18,45,Free,R
18,46,Paid,N
18,47,Paid,R
18,48,Free,N
18,49,Paid,N
18,50,Paid,N
18,51,Free,R
18,52,Paid,N
18,53,Free,N
18,54,Free,N
18,55,Free,N
18,56,Paid,R
18,57,Paid,SR
18,58,Free,N
18,59,Paid,SSR
18,60,Free,R
18,61,Paid,N
18,62,Free,SSR
18,63,Free,R
18,64,Free,N
18,65,Paid,N
18,66,Free,SR
18,67,Free,N
18,68,Free,N
18,69,Free,N
18,70,Free,R
18,71,Free,N
18,72,Free,SSR
18,73,Paid,R
18,74,Paid,N
18,75,Free,N
18,76,Free,R
18,77,Paid,SR
18,78,Paid,R
18,79,Free,N
18,80,Free,N
18,81,Paid,R
18,82,Paid,N
18,83,Paid,N
18,84,Free,N
18,85,Free,N
18,86,Free,N
18,87,Paid,N
18,88,Free,N
18,89,Free,N
18,90,Free,N
18,91,Free,N
18,92,Free,N
18,93,Free,SR
18,94,Paid,R
18,95,Free,N
18,96,Free,N
18,97,Free,N
18,98,Free,SR
19,1,Free,R
19,2,Free,SR
19,3,Free,N
19,4,Paid,N
19,5,Free,SR
19,6,Free,R
19,7,Free,N
19,8,Paid,R
19,9,Free,N
19,10,Paid,N
19,11,Free,SR
19,12,Paid,N
19,13,Free,R
19,14,Free,R
19,15,Paid,N
19,16,Paid,N
19,17,Free,N
19,18,Free,N
19,19,Free,N
19,20,Free,N
19,21,Free,N
19,22,Free,SR
19,23,Free,N
19,24,Free,SSR
19,25,Free,R
19,26,Paid,N
19,27,Paid,SR
19,28,Free,SR
19,29,Free,N
19,30,Free,SR
19,31,Paid,N
19,32,Free,N
19,33,Free,N
19,34,Paid,R
19,35,Paid,N
19,36,Free,R
19,37,Free,N
19,38,Paid,N
19,39,Free,N
19,40,Free,SR
19,41,Free,R
19,42,Free,N
19,43,Free,SR
19,44,Paid,SR
19,45,Paid,SR
19,46,Paid,N
19,47,Free,SR
19,48,Paid,R
19,49,Free,N
19,50,Free,SR
19,51,Free,R
19,52,Free,SR
19,53,Paid,R
19,54,Paid,R
19,55,Free,R
19,56,Free,N
19,57,Free,R
19,58,Free,N
19,59,Paid,R
19,60,Free,N
19,61,Paid,N
19,62,Free,R
19,63,Free,N
19,64,Paid,N
19,65,Paid,N
19,66,Free,SR
19,67,Paid,N
19,68,Free,N
19,69,Paid,R
19,70,Free,SR
19,71,Paid,N
19,72,Free,N
19,73,Free,SSR
19,74,Free,N
19,75,Free,R
19,76,Free,N
19,77,Free,SR
19,78,Free,N
19,79,Free,R
19,80,Paid,N
19,81,Paid,SSR
20,1,Free,N
20,2,Free,N
20,3,Paid,N
20,4,Paid,SSR
20,5,Free,N
20,6,Free,R
20,7,Free,N
20,8,Free,N
20,9,Paid,SR
20,10,Free,N
20,11,Free,SR
20,12,Free,N
20,13,Free,R
20,14,Paid,N
20,15,Paid,R
20,16,Free,N
20,17,Free,N
20,18,Free,N
21,1,Free,N
21,2,Paid,R
21,3,Free,R
21,4,Free,N
21,5,Free,SR
21,6,Free,SR
21,7,Paid,N
21,8,Paid,R
21,9,Free,N
21,10,Free,N
21,11,Free,R
21,12,Free,R
21,13,Free,R
21,14,Paid,R
21,15,Free,N
21,16,Free,R
21,17,Free,N
21,18,Free,SR
21,19,Free,R
21,20,Paid,N
21,21,Free,N
21,22,Free,R
21,23,Free,N
21,24,Free,R
21,25,Paid,R
22,1,Free,SSR
22,2,Free,N
22,3,Paid,R
22,4,Free,N
22,5,Free,N
22,6,Free,N
22,7,Free,N
22,8,Paid,SR
22,9,Free,R
22,10,Free,N
23,1,Free,N
23,2,Free,N
23,3,Free,N
23,4,Paid,N
23,5,Free,N
23,6,Paid,SR
23,7,Free,N
23,8,Free,N
23,9,Free,N
23,10,Free,N
23,11,Paid,N
23,12,Paid,R
23,13,Paid,N
23,14,Free,N
23,15,Free,R
23,16,Free,R
23,17,Free,R
23,18,Paid,N
23,19,Free,N
23,20,Paid,R
23,21,Free,R
23,22,Paid,N
23,23,Paid,R
23,24,Paid,SR
23,25,Paid,N
23,26,Free,R
23,27,Free,N
23,28,Free,R
23,29,Free,N
23,30,Paid,N
23,31,Free,R
23,32,Paid,N
23,33,Free,SR
23,34,Paid,SR
23,35,Free,N
23,36,Free,R
23,37,Paid,R
23,38,Free,N
23,39,Free,R
23,40,Free,SR
23,41,Free,N
23,42,Free,SSR
23,43,Paid,R
23,44,Free,SR
23,45,Paid,N
23,46,Paid,N
23,47,Paid,SSR
23,48,Free,N
23,49,Free,N
23,50,Free,N
23,51,Free,SSR
23,52,Free,SSR
23,53,Free,N
23,54,Free,N
23,55,Paid,N
23,56,Free,SR
23,57,Free,SR
23,58,Free,SR
23,59,Free,N
23,60,Free,R
23,61,Free,N
24,1,Paid,N
24,2,Free,SR
24,3,Paid,SSR
24,4,Free,N
24,5,Free,R
24,6,Free,R
24,7,Free,R
24,8,Paid,R
24,9,Free,SR
24,10,Free,N
24,11,Paid,R
24,12,Paid,N
24,13,Paid,R
24,14,Free,N
24,15,Paid,R
24,16,Paid,N
24,17,Paid,SSR
24,18,Paid,R
24,19,Free,R
24,20,Free,R
24,21,Free,SSR
24,22,Free,N
24,23,Free,N
24,24,Free,SR
24,25,Free,N
24,26,Free,N
24,27,Paid,N
24,28,Paid,N
24,29,Free,N
24,30,Free,R
24,31,Free,N
24,32,Paid,R
24,33,Free,SR
24,34,Free,SR
24,35,Paid,N
24,36,Paid,N
24,37,Free,SR
24,38,Paid,SR
24,39,Paid,SR
24,40,Free,N
24,41,Paid,N
24,42,Free,R
24,43,Free,N
24,44,Paid,N
24,45,Paid,R
24,46,Free,N
24,47,Paid,N
24,48,Free,R
24,49,Paid,N
24,50,Paid,N
24,51,Free,N
24,52,Free,R
24,53,Paid,SR
24,54,Free,R
24,55,Paid,N
24,56,Paid,N
24,57,Paid,R
24,58,Paid,R
24,59,Free,N
24,60,Free,N
24,61,Free,SR
24,62,Free,N
24,63,Free,N
24,64,Free,R
25,1,Free,N
25,2,Paid,SSR
25,3,Free,N
25,4,Free,N
25,5,Free,N
25,6,Free,N
25,7,Free,R
25,8,Free,N
25,9,Free,R
25,10,Paid,N
25,11,Free,N
25,12,Free,R
25,13,Free,R
25,14,Free,N
25,15,Free,N
25,16,Paid,N
25,17,Free,R
25,18,Free,N
25,19,Free,SR
25,20,Paid,R
25,21,Paid,N
25,22,Free,SSR
26,1,Paid,R
26,2,Paid,SR
26,3,Free,N
26,4,Free,SR
26,5,Paid,N
26,6,Paid,N
26,7,Paid,N
26,8,Paid,R
26,9,Free,N
26,10,Paid,SR
26,11,Free,SR
26,12,Free,SR
26,13,Paid,N
26,14,Free,N
26,15,Paid,R
26,16,Paid,N
26,17,Free,N
26,18,Free,N
26,19,Free,N
26,20,Free,R
26,21,Free,N
26,22,Free,SR
26,23,Free,R
26,24,Free,N
26,25,Free,N
26,26,Free,N
26,27,Paid,N
26,28,Free,R
26,29,Free,R
26,30,Paid,N
26,31,Free,R
26,32,Paid,N
26,33,Free,N
26,34,Paid,SR
26,35,Free,N
26,36,Free,SR
26,37,Free,SR
26,38,Free,N
26,39,Free,R
26,40,Paid,N
26,41,Paid,N
26,42,Free,N
26,43,Paid,N
26,44,Free,N
26,45,Free,R
26,46,Free,N
26,47,Free,R
26,48,Free,R
26,49,Paid,N
26,50,Paid,N
26,51,Free,R
26,52,Free,R
26,53,Paid,N
26,54,Free,N
26,55,Free,N
26,56,Paid,N
26,57,Paid,SR
26,58,Paid,N
26,59,Free,N
26,60,Paid,N
26,61,Paid,R
26,62,Free,SR
26,63,Paid,SR
26,64,Free,N
26,65,Free,N
26,66,Paid,N
26,67,Free,R
26,68,Paid,R
26,69,Paid,N
26,70,Free,R
26,71,Free,R
26,72,Paid,N
26,73,Free,SR
26,74,Free,N
26,75,Free,N
26,76,Paid,N
26,77,Free,N
26,78,Free,R
26,79,Free,R
26,80,Paid,N
26,81,Paid,N
26,82,Free,N
26,83,Free,N
26,84,Free,N
26,85,Free,R
26,86,Paid,N
26,87,Paid,N
26,88,Paid,N
26,89,Paid,N
26,90,Free,N
26,91,Free,R
26,92,Paid,N
27,1,Free,N
27,2,Paid,SR
27,3,Free,SSR
27,4,Free,R
27,5,Free,SR
27,6,Free,N
27,7,Paid,R
27,8,Free,SR
27,9,Paid,R
27,10,Paid,N
27,11,Free,SR
27,12,Free,N
27,13,Free,SR
27,14,Free,R
27,15,Free,N
27,16,Free,R
27,17,Free,N
27,18,Paid,R
27,19,Free,N
27,20,Free,SR
27,21,Free,N
27,22,Free,N
27,23,Free,N
27,24,Free,N
27,25,Free,R
27,26,Free,N
27,27,Free,SR
27,28,Free,N
27,29,Free,N
27,30,Free,N
27,31,Free,N
27,32,Free,SR
27,33,Free,N
27,34,Paid,SR
27,35,Free,N
27,36,Free,N
27,37,Free,SR
27,38,Free,N
27,39,Free,N
27,40,Free,N
27,41,Paid,N
27,42,Paid,N
27,43,Free,N
27,44,Free,N
27,45,Paid,SSR
27,46,Paid,N
27,47,Paid,N
27,48,Free,N
27,49,Free,SR
27,50,Free,SR
27,51,Paid,N
27,52,Free,SR
27,53,Free,N
27,54,Paid,N
27,55,Free,N
27,56,Paid,SSR
27,57,Paid,N
27,58,Free,N
27,59,Free,SR
27,60,Free,N
27,61,Free,SR
27,62,Free,SR
27,63,Free,N
27,64,Paid,R
27,65,Paid,N
27,66,Free,N
27,67,Free,SR
27,68,Paid,SR
27,69,Free,R
27,70,Free,N
27,71,Free,N
27,72,Paid,N
27,73,Free,SR
27,74,Paid,R
27,75,Paid,N
27,76,Free,SSR
27,77,Free,N
27,78,Paid,R
27,79,Free,N
28,1,Paid,N
28,2,Paid,SR
28,3,Free,SR
28,4,Free,SR
28,5,Free,R
28,6,Free,N
28,7,Free,R
28,8,Paid,SR
28,9,Free,N
28,10,Paid,R
28,11,Paid,N
28,12,Paid,N
29,1,Free,SR
29,2,Paid,SR
29,3,Free,N
29,4,Free,N
29,5,Free,N
29,6,Free,N
29,7,Free,N
29,8,Free,R
29,9,Paid,N
29,10,Free,SR
29,11,Free,R
29,12,Free,N
29,13,Free,SSR
29,14,Free,N
29,15,Paid,R
29,16,Paid,SR
29,17,Paid,R
29,18,Free,N
29,19,Paid,R
29,20,Free,R
29,21,Free,N
29,22,Free,R
29,23,Free,R
29,24,Free,R
29,25,Paid,N
29,26,Free,N
29,27,Paid,N
29,28,Free,N
29,29,Free,N
29,30,Free,R
29,31,Free,SSR
29,32,Paid,R
29,33,Free,N
29,34,Paid,SR
29,35,Free,N
29,36,Free,N
29,37,Free,SR
29,38,Free,R
29,39,Free,N
29,40,Free,N
29,41,Free,SR
29,42,Free,N
29,43,Paid,N
29,44,Free,N
29,45,Free,N
30,1,Free,R
30,2,Free,N
30,3,Free,N
30,4,Free,N
30,5,Paid,N
30,6,Free,SR
30,7,Free,N
30,8,Paid,SR
30,9,Paid,N
30,10,Paid,SR
30,11,Free,R
30,12,Free,N
30,13,Free,N
30,14,Free,SSR
30,15,Free,N
30,16,Paid,N
30,17,Free,SR
30,18,Paid,N
30,19,Free,SR
30,20,Paid,R
30,21,Free,SR
30,22,Free,SR
30,23,Free,SSR
30,24,Free,N
30,25,Free,SR
30,26,Free,N
30,27,Paid,N
30,28,Free,N
30,29,Free,SR
30,30,Paid,N
30,31,Paid,SR
30,32,Free,N
31,1,Paid,N
31,2,Paid,R
31,3,Paid,N
31,4,Free,N
31,5,Paid,N
31,6,Free,SR
31,7,Free,R
31,8,Free,N
31,9,Paid,R
31,10,Free,N
31,11,Free,R
31,12,Free,N
31,13,Paid,N
31,14,Free,N
31,15,Free,N
31,16,Free,N
31,17,Free,N
31,18,Free,N
31,19,Free,SR
31,20,Free,N
31,21,Free,R
31,22,Free,SR
31,23,Free,N
31,24,Free,N
31,25,Free,N
31,26,Free,N
31,27,Free,N
31,28,Free,SR
31,29,Free,R
31,30,Free,N
31,31,Paid,N
31,32,Free,N
31,33,Free,SR
31,34,Free,N
31,35,Free,SR
31,36,Free,N
31,37,Free,N
31,38,Free,N
31,39,Paid,N
31,40,Free,N
31,41,Free,N
31,42,Free,N
31,43,Free,N
31,44,Free,R
32,1,Free,N
32,2,Paid,N
32,3,Paid,N
32,4,Paid,N
32,5,Paid,N
32,6,Free,N
32,7,Paid,R
32,8,Free,N
32,9,Paid,N
32,10,Paid,N
32,11,Paid,N
32,12,Free,SR
32,13,Paid,N
32,14,Free,N
32,15,Free,N
32,16,Free,N
32,17,Free,R
32,18,Paid,N
32,19,Free,R
32,20,Free,N
32,21,Free,SR
32,22,Paid,N
32,23,Free,N
32,24,Free,N
32,25,Paid,R
32,26,Paid,N
32,27,Paid,R
32,28,Free,N
32,29,Free,N
32,30,Free,N
32,31,Paid,SSR
32,32,Free,N
32,33,Free,N
32,34,Paid,N
32,35,Free,N
32,36,Paid,R
32,37,Paid,N
32,38,Free,N
32,39,Paid,N
32,40,Paid,R
32,41,Free,N
32,42,Free,R
32,43,Free,SR
32,44,Free,N
32,45,Paid,N
32,46,Free,N
32,47,Free,N
32,48,Free,N
32,49,Free,N
32,50,Paid,N
32,51,Free,SR
32,52,Paid,SR
32,53,Free,N
32,54,Paid,SR
32,55,Free,SR
32,56,Free,SR
32,57,Free,SR
33,1,Free,N
33,2,Paid,SSR
33,3,Free,R
33,4,Free,N
33,5,Free,R
33,6,Free,N
33,7,Free,N
33,8,Free,N
33,9,Paid,N
33,10,Paid,SR
33,11,Free,N
33,12,Free,N
33,13,Free,N
33,14,Paid,N
33,15,Paid,SSR
33,16,Free,R
33,17,Paid,N
33,18,Free,N
33,19,Free,N
33,20,Free,R
33,21,Paid,R
34,1,Paid,R
34,2,Free,N
34,3,Free,R
34,4,Paid,N
34,5,Free,SR
34,6,Free,SR
34,7,Paid,R
34,8,Free,N
34,9,Paid,SR
34,10,Paid,R
34,11,Free,N
34,12,Paid,N
34,13,Paid,N
34,14,Free,N
34,15,Paid,N
34,16,Free,SR
34,17,Free,R
34,18,Free,R
34,19,Paid,R
34,20,Paid,SR
34,21,Free,N
34,22,Free,N
34,23,Paid,N
34,24,Paid,N
34,25,Free,R
34,26,Paid,R
34,27,Paid,N
34,28,Free,SR
34,29,Paid,N
34,30,Free,N
34,31,Paid,R
34,32,Free,SSR
34,33,Paid,N
34,34,Free,N
34,35,Free,N
34,36,Free,R
34,37,Free,R
34,38,Paid,N
34,39,Free,R
34,40,Paid,N
34,41,Free,N
34,42,Paid,SR
34,43,Paid,SR
34,44,Free,SR
34,45,Free,N
34,46,Free,SR
34,47,Paid,SR
34,48,Free,R
34,49,Free,SR
34,50,Free,SR
34,51,Free,R
34,52,Paid,N
34,53,Free,SR
34,54,Free,SR
34,55,Free,N
34,56,Free,N
34,57,Free,N
34,58,Paid,R
34,59,Free,N
34,60,Paid,N
34,61,Paid,R
34,62,Free,N
34,63,Paid,SSR
34,64,Free,N
34,65,Paid,SSR
34,66,Paid,SR
34,67,Free,R
34,68,Free,SR
34,69,Paid,N
34,70,Free,N
34,71,Paid,R
34,72,Paid,N
34,73,Paid,R
34,74,Free,N
34,75,Free,R
34,76,Paid,SR
34,77,Free,SR
34,78,Free,N
34,79,Free,N
34,80,Free,N
34,81,Free,SR
34,82,Free,SR
34,83,Free,R
34,84,Paid,R
34,85,Free,SR
34,86,Free,N
34,87,Free,N
34,88,Paid,SR
34,89,Free,N
34,90,Free,N
34,91,Paid,N
34,92,Paid,N
34,93,Free,N
34,94,Free,N
34,95,Free,R
34,96,Free,N
34,97,Free,SR
34,98,Free,SR
35,1,Free,N
35,2,Paid,SR
35,3,Paid,SR
35,4,Paid,SR
35,5,Paid,R
35,6,Free,R
35,7,Paid,R
35,8,Free,N
35,9,Free,SSR
35,10,Free,SR
35,11,Free,SR
35,12,Free,R
35,13,Paid,SR
35,14,Paid,SR
35,15,Free,N
35,16,Paid,R
35,17,Paid,N
35,18,Paid,SR
35,19,Free,N
35,20,Paid,SR
35,21,Paid,R
35,22,Free,N
35,23,Paid,R
35,24,Free,SR
35,25,Free,R
35,26,Paid,N
35,27,Free,SR
35,28,Paid,N
35,29,Paid,R
35,30,Paid,SR
35,31,Free,N
35,32,Free,SSR
35,33,Paid,SR
35,34,Free,R
35,35,Paid,N
35,36,Paid,N
35,37,Free,N
35,38,Paid,N
35,39,Free,R
35,40,Free,SR
35,41,Paid,N
35,42,Free,N
35,43,Free,N
35,44,Paid,R
35,45,Free,N
35,46,Free,N
35,47,Free,N
35,48,Paid,N
35,49,Free,N
35,50,Free,SSR
35,51,Paid,N
35,52,Free,N
35,53,Free,N
35,54,Paid,N
35,55,Paid,N
35,56,Paid,SSR
35,57,Free,R
35,58,Paid,N
35,59,Free,R
35,60,Free,N
35,61,Free,N
35,62,Free,R
35,63,Paid,R
35,64,Paid,N
35,65,Free,N
35,66,Free,R
35,67,Free,N
35,68,Paid,R
35,69,Paid,N
35,70,Paid,N
35,71,Free,N
35,72,Free,R
35,73,Paid,N
35,74,Free,N
35,75,Free,N
35,76,Free,N
35,77,Free,N
35,78,Free,SSR
35,79,Free,R
36,1,Free,N
36,2,Free,R
36,3,Paid,SSR
36,4,Paid,R
36,5,Free,SR
36,6,Free,N
36,7,Paid,N
36,8,Free,SR
36,9,Paid,N
36,10,Free,R
36,11,Paid,R
36,12,Paid,N
36,13,Free,N
36,14,Paid,N
36,15,Free,N
36,16,Free,N
36,17,Free,N
36,18,Free,N
36,19,Paid,N
36,20,Free,N
36,21,Paid,N
36,22,Paid,N
36,23,Free,N
36,24,Free,N
36,25,Paid,N
36,26,Paid,SR
36,27,Paid,N
36,28,Paid,N
36,29,Free,N
36,30,Paid,N
36,31,Free,R
36,32,Free,N
36,33,Paid,N
36,34,Free,R
36,35,Free,N
36,36,Paid,R
36,37,Paid,N
36,38,Paid,R
36,39,Free,N
36,40,Free,R
36,41,Paid,SR
36,42,Free,N
36,43,Free,SR
36,44,Free,N
36,45,Free,N
36,46,Free,SR
36,47,Free,N
36,48,Free,N
36,49,Free,R
36,50,Free,N
36,51,Paid,SR
36,52,Paid,N
36,53,Paid,N
36,54,Free,N
36,55,Paid,N
36,56,Free,N
36,57,Free,SR
36,58,Free,N
36,59,Free,N
36,60,Free,N
36,61,Free,N
36,62,Paid,N
36,63,Paid,N
36,64,Paid,R
36,65,Paid,N
36,66,Paid,N
36,67,Free,N
36,68,Free,R
36,69,Free,N
36,70,Free,SSR
36,71,Free,R
36,72,Free,R
36,73,Paid,SR
36,74,Paid,SR
36,75,Paid,N
36,76,Free,N
36,77,Paid,N
36,78,Free,R
36,79,Paid,SR
36,80,Free,N
36,81,Free,R
36,82,Free,SSR
36,83,Paid,N
36,84,Free,N
36,85,Paid,SR
37,1,Free,R
37,2,Paid,SR
37,3,Free,N
37,4,Paid,R
37,5,Free,R
37,6,Free,R
37,7,Free,N
37,8,Paid,N
37,9,Free,R
37,10,Paid,N
37,11,Free,N
37,12,Free,R
37,13,Free,N
37,14,Paid,N
37,15,Free,SR
37,16,Free,R
37,17,Free,N
37,18,Paid,R
37,19,Paid,R
37,20,Free,N
37,21,Free,N
37,22,Paid,R
37,23,Free,SSR
37,24,Free,SR
37,25,Free,SR
37,26,Paid,R
37,27,Free,N
37,28,Free,R
37,29,Free,SSR
37,30,Paid,R
37,31,Paid,SR
37,32,Paid,SR
37,33,Paid,N
37,34,Free,N
37,35,Paid,SR
37,36,Free,SR
37,37,Free,R
37,38,Free,SR
37,39,Free,N
37,40,Free,SR
37,41,Paid,N
37,42,Free,N
37,43,Free,R
37,44,Free,N
37,45,Free,N
37,46,Free,SR
37,47,Paid,SR
37,48,Free,N
37,49,Paid,N
37,50,Paid,N
37,51,Free,R
37,52,Paid,N
37,53,Free,N
37,54,Free,R
37,55,Free,SR
37,56,Free,R
37,57,Paid,N
37,58,Paid,SR
37,59,Paid,N
37,60,Free,N
37,61,Free,R
37,62,Paid,SSR
37,63,Paid,N
37,64,Paid,R
37,65,Free,N
37,66,Free,N
37,67,Free,N
37,68,Free,R
37,69,Free,N
37,70,Free,R
37,71,Free,N
37,72,Free,N
37,73,Free,N
37,74,Free,R
37,75,Free,R
37,76,Paid,R
37,77,Free,R
37,78,Free,N
37,79,Free,N
37,80,Free,N
37,81,Paid,N
37,82,Paid,SR
37,83,Free,N
37,84,Paid,N
37,85,Free,R
37,86,Free,N
37,87,Free,R
37,88,Free,N
37,89,Paid,N
37,90,Free,R
37,91,Free,R
37,92,Paid,R
37,93,Free,R
37,94,Free,N
37,95,Free,SR
37,96,Free,R
38,1,Free,N
38,2,Free,N
38,3,Paid,N
38,4,Free,SR
38,5,Paid,R
38,6,Free,R
38,7,Paid,N
38,8,Paid,SR
38,9,Paid,SR
38,10,Free,N
38,11,Paid,R
38,12,Free,R
38,13,Paid,N
38,14,Paid,N
38,15,Paid,R
38,16,Paid,R
38,17,Free,R
38,18,Paid,R
38,19,Free,N
38,20,Free,N
39,1,Paid,R
39,2,Free,N
39,3,Free,SR
39,4,Paid,N
39,5,Paid,R
39,6,Paid,SR
39,7,Paid,SR
39,8,Free,N
39,9,Free,N
39,10,Free,N
39,11,Paid,SR
39,12,Free,SR
39,13,Free,N
39,14,Paid,R
39,15,Free,R
39,16,Free,N
39,17,Free,SR
39,18,Free,SR
39,19,Paid,N
39,20,Free,SR
39,21,Free,SSR
39,22,Free,R
39,23,Paid,N
39,24,Free,R
39,25,Free,N
39,26,Free,N
39,27,Free,N
39,28,Free,R
39,29,Paid,N
39,30,Free,SR
39,31,Free,SSR
39,32,Free,N
39,33,Paid,SR
39,34,Free,N
39,35,Free,R
39,36,Free,SR
39,37,Free,N
39,38,Free,N
39,39,Free,N
39,40,Free,N
39,41,Paid,R
39,42,Free,SR
39,43,Paid,N
39,44,Free,R
39,45,Free,R
39,46,Paid,SR
39,47,Paid,R
39,48,Free,R
39,49,Paid,N
39,50,Paid,N
39,51,Free,N
39,52,Paid,N
39,53,Paid,R
39,54,Paid,R
39,55,Paid,N
39,56,Free,SR
39,57,Free,N
39,58,Free,N
39,59,Paid,R
39,60,Free,N
39,61,Free,N
39,62,Paid,SSR
39,63,Paid,SR
39,64,Free,SR
39,65,Free,R
39,66,Free,N
39,67,Paid,N
39,68,Free,R
39,69,Free,N
39,70,Paid,N
39,71,Free,SSR
39,72,Free,N
39,73,Free,N
39,74,Paid,N
39,75,Free,N
39,76,Free,N
39,77,Paid,N
39,78,Free,N
39,79,Free,N
39,80,Paid,R
40,1,Paid,N
40,2,Free,SR
40,3,Free,SR
40,4,Free,N
40,5,Free,N
40,6,Free,N
40,7,Paid,R
41,1,Free,R
41,2,Paid,R
41,3,Paid,R
41,4,Free,R
41,5,Free,N
41,6,Free,R
41,7,Free,N
41,8,Paid,N
41,9,Free,R
41,10,Free,N
41,11,Paid,SR
41,12,Free,N
41,13,Paid,N
41,14,Free,N
41,15,Free,N
41,16,Free,N
41,17,Free,R
41,18,Paid,N
41,19,Paid,N
41,20,Free,SR
41,21,Paid,R
41,22,Free,N
41,23,Free,N
41,24,Free,N
41,25,Paid,N
41,26,Paid,N
41,27,Free,N
41,28,Paid,SR
41,29,Free,SR
41,30,Paid,N
41,31,Paid,N
41,32,Free,SR
41,33,Free,R
41,34,Free,R
41,35,Free,N
41,36,Free,N
41,37,Free,N
41,38,Free,N
41,39,Paid,N
41,40,Free,SR
41,41,Paid,N
41,42,Free,R
41,43,Paid,N
41,44,Free,R
41,45,Free,R
41,46,Paid,N
41,47,Paid,R
41,48,Paid,SR
41,49,Free,N
42,1,Paid,R
42,2,Free,SSR
42,3,Free,N
42,4,Free,N
42,5,Free,R
42,6,Paid,N
42,7,Free,N
42,8,Free,R
42,9,Free,N
42,10,Free,N
42,11,Free,N
42,12,Paid,SR
42,13,Free,SR
42,14,Paid,R
42,15,Free,N
42,16,Paid,N
42,17,Paid,N
42,18,Paid,SR
42,19,Paid,R
42,20,Paid,SR
42,21,Free,R
42,22,Paid,R
42,23,Paid,N
42,24,Free,SR
42,25,Free,R
42,26,Free,R
42,27,Free,R
42,28,Free,R
42,29,Paid,SR
43,1,Paid,N
43,2,Free,R
43,3,Paid,N
43,4,Free,R
43,5,Free,N
43,6,Free,N
43,7,Free,N
43,8,Free,SR
43,9,Paid,SR
43,10,Free,R
43,11,Free,SR
43,12,Free,N
43,13,Paid,R
43,14,Paid,N
43,15,Free,N
43,16,Paid,R
43,17,Free,R
45,1,Paid,R
45,2,Free,N
45,3,Free,R
45,4,Paid,SSR
46,1,Free,N
46,2,Free,R
46,3,Paid,N
46,4,Paid,N
46,5,Free,R
46,6,Free,N
46,7,Free,N
46,8,Free,R
46,9,Free,N
46,10,Free,N
47,1,Free,N
47,2,Free,SSR
47,3,Free,N
47,4,Paid,N
47,5,Free,SR
47,6,Free,N
47,7,Free,N
47,8,Free,R
47,9,Free,SSR
47,10,Free,N
47,11,Free,N
48,1,Free,N
48,2,Free,R
48,3,Free,N
48,4,Free,N
48,5,Free,SR
48,6,Paid,N
48,7,Free,R
48,8,Free,R
48,9,Free,N
48,10,Free,N
48,11,Paid,SR
48,12,Free,R
48,13,Free,N
48,14,Paid,N
48,15,Free,N
48,16,Free,R
48,17,Free,N
48,18,Free,N
48,19,Free,R
48,20,Free,N
48,21,Paid,SSR
48,22,Free,R
48,23,Free,R
48,24,Free,N
48,25,Free,N
48,26,Paid,N
48,27,Free,SR
48,28,Paid,N
48,29,Free,N
48,30,Free,SR
48,31,Paid,N
48,32,Paid,R
48,33,Free,R
48,34,Free,N
48,35,Free,N
48,36,Paid,SSR
48,37,Paid,N
48,38,Paid,SSR
48,39,Paid,N
48,40,Free,R
49,1,Free,R
49,2,Free,SR
49,3,Paid,N
49,4,Free,N
49,5,Free,SSR
49,6,Free,N
49,7,Free,N
49,8,Free,R
49,9,Free,N
49,10,Free,N
49,11,Free,SSR
49,12,Free,SSR
49,13,Free,R
49,14,Free,N
49,15,Paid,SSR
49,16,Free,N
49,17,Free,N
49,18,Paid,N
49,19,Free,N
49,20,Paid,N
49,21,Free,R
49,22,Paid,N
49,23,Free,N
49,24,Paid,SR
49,25,Free,N
49,26,Paid,N
49,27,Free,R
49,28,Free,N
49,29,Paid,SR
49,30,Free,N
49,31,Free,R
49,32,Free,R
49,33,Paid,R
49,34,Free,SR
49,35,Free,SR
49,36,Paid,N
49,37,Free,N
49,38,Paid,N
49,39,Free,N
49,40,Paid,N
49,41,Paid,N
50,1,Free,SR
50,2,Free,N
50,3,Free,N
50,4,Paid,R
50,5,Free,N
50,6,Paid,R
50,7,Free,N
50,8,Free,R
50,9,Paid,N
50,10,Free,N
50,11,Paid,R
50,12,Free,N
50,13,Paid,SSR
50,14,Paid,N
50,15,Free,SR
50,16,Free,N
50,17,Paid,R
50,18,Free,R
50,19,Free,N
50,20,Free,R
50,21,Free,N
50,22,Free,R
50,23,Free,R
50,24,Free,N
50,25,Free,N
50,26,Free,R
50,27,Free,N
50,28,Free,N
50,29,Free,N
50,30,Free,N
51,1,Paid,SR
51,2,Paid,N
51,3,Paid,N
51,4,Paid,N
51,5,Free,R
51,6,Free,N
51,7,Paid,N
51,8,Paid,SR
51,9,Free,N
51,10,Paid,R
51,11,Paid,SSR
51,12,Free,R
51,13,Free,N
51,14,Free,N
51,15,Free,N
51,16,Free,R
51,17,Free,SR
51,18,Free,N
51,19,Free,R
51,20,Paid,N
51,21,Free,N
51,22,Paid,N
51,23,Free,SR
51,24,Free,SR
51,25,Free,N
51,26,Free,R
51,27,Free,N
51,28,Paid,SSR
51,29,Free,N
51,30,Paid,R
51,31,Free,N
51,32,Free,R
51,33,Free,R
51,34,Free,N
51,35,Paid,N
51,36,Paid,SSR
51,37,Paid,N
51,38,Free,R
51,39,Paid,N
51,40,Free,R
51,41,Free,R
51,42,Free,SSR
51,43,Free,N
51,44,Free,N
51,45,Free,N
51,46,Paid,N
51,47,Free,SR
51,48,Free,N
51,49,Free,SR
51,50,Free,R
51,51,Free,R
51,52,Free,SR
51,53,Free,N
51,54,Free,SR
51,55,Free,N
51,56,Free,N
52,1,Free,R
52,2,Free,N
52,3,Free,SSR
52,4,Free,SR
52,5,Free,N
52,6,Free,R
52,7,Paid,R
52,8,Free,N
52,9,Free,N
52,10,Paid,R
52,11,Free,R
52,12,Paid,SR
52,13,Free,SR
52,14,Free,N
52,15,Free,SR
52,16,Free,N
52,17,Free,N
52,18,Paid,N
52,19,Free,SSR
52,20,Paid,N
52,21,Free,R
52,22,Free,N
52,23,Free,R
52,24,Free,R
52,25,Free,N
52,26,Free,N
52,27,Free,R
52,28,Paid,N
52,29,Free,N
52,30,Free,R
52,31,Paid,N
52,32,Free,N
52,33,Paid,R
52,34,Free,R
52,35,Paid,N
52,36,Free,R
52,37,Free,N
52,38,Paid,R
52,39,Free,N
52,40,Free,N
52,41,Free,N
52,42,Paid,N
52,43,Free,N
52,44,Paid,SR
52,45,Paid,N
52,46,Free,R
52,47,Free,N
52,48,Free,N
52,49,Free,R
52,50,Free,N
52,51,Paid,SSR
52,52,Free,SSR
52,53,Free,N
52,54,Free,R
52,55,Free,R
52,56,Free,R
52,57,Free,N
52,58,Free,SSR
52,59,Free,SR
52,60,Free,N
52,61,Free,SSR
52,62,Free,R
52,63,Free,N
52,64,Free,R
52,65,Paid,N
52,66,Paid,N
52,67,Free,N
52,68,Free,SR
52,69,Free,N
52,70,Free,N
52,71,Free,N
52,72,Paid,R
52,73,Paid,R
52,74,Paid,N
52,75,Paid,SR
52,76,Free,N
52,77,Free,R
52,78,Paid,R
52,79,Free,N
52,80,Free,R
52,81,Free,R
52,82,Free,N
52,83,Paid,SR
52,84,Free,R
52,85,Free,N
52,86,Free,N
52,87,Paid,N
52,88,Free,N
52,89,Free,N
52,90,Free,R
52,91,Free,N
53,1,Paid,N
53,2,Free,N
53,3,Paid,R
53,4,Free,N
53,5,Free,SR
53,6,Free,N
53,7,Free,N
53,8,Free,SR
53,9,Free,R
53,10,Paid,N
53,11,Free,R
53,12,Free,N
53,13,Free,N
53,14,Free,R
53,15,Free,R
53,16,Paid,N
53,17,Paid,N
53,18,Free,N
53,19,Paid,N
53,20,Free,N
53,21,Free,N
53,22,Free,R
53,23,Free,SR
53,24,Free,N
53,25,Free,N
53,26,Free,SR
53,27,Free,N
53,28,Paid,R
53,29,Free,R
53,30,Free,SR
53,31,Free,N
53,32,Paid,R
53,33,Paid,R
53,34,Paid,N
53,35,Free,N
53,36,Free,N
53,37,Paid,R
53,38,Free,N
53,39,Free,R
53,40,Paid,SR
53,41,Free,R
53,42,Free,N
53,43,Free,N
53,44,Paid,N
53,45,Paid,R
53,46,Free,N
53,47,Free,R
53,48,Free,R
53,49,Free,N
53,50,Paid,SR
53,51,Paid,N
53,52,Free,R
53,53,Paid,N
53,54,Paid,SR
53,55,Free,R
53,56,Free,N
53,57,Paid,N
53,58,Free,R
53,59,Free,N
53,60,Free,N
53,61,Free,SSR
53,62,Free,N
53,63,Free,N
53,64,Free,N
53,65,Free,N
53,66,Free,N
53,67,Free,R
53,68,Paid,SR
53,69,Free,N
53,70,Free,N
53,71,Paid,R
53,72,Paid,N
53,73,Paid,R
53,74,Paid,N
53,75,Free,SR
53,76,Free,N
53,77,Free,N
53,78,Free,SR
53,79,Free,N
53,80,Free,SR
53,81,Paid,N
53,82,Free,R
53,83,Free,R
53,84,Free,N
53,85,Free,N
53,86,Free,R
53,87,Free,R
53,88,Free,N
54,1,Free,N
54,2,Free,N
54,3,Paid,R
54,4,Free,N
54,5,Free,N
54,6,Paid,R
54,7,Free,R
54,8,Paid,R
54,9,Free,R
55,1,Paid,R
55,2,Free,N
55,3,Paid,N
55,4,Free,N
55,5,Paid,SR
55,6,Free,R
55,7,Paid,SR
55,8,Free,R
55,9,Paid,N
55,10,Free,R
55,11,Free,R
55,12,Paid,N
55,13,Paid,N
55,14,Paid,N
55,15,Free,N
55,16,Free,R
55,17,Free,N
55,18,Free,R
55,19,Free,N
55,20,Paid,SSR
55,21,Paid,SSR
55,22,Paid,SR
55,23,Free,N
55,24,Free,R
55,25,Free,R
55,26,Free,R
55,27,Paid,SR
55,28,Free,N
55,29,Free,N
55,30,Free,R
55,31,Free,R
55,32,Free,N
55,33,Free,R
55,34,Free,N
55,35,Free,SR
55,36,Paid,SR
55,37,Paid,R
55,38,Free,N
55,39,Free,N
55,40,Paid,N
55,41,Free,R
55,42,Free,N
55,43,Free,N
55,44,Free,N
55,45,Paid,N
55,46,Free,R
55,47,Paid,R
55,48,Free,N
55,49,Free,SR
55,50,Paid,N
55,51,Free,SSR
55,52,Free,N
55,53,Free,SR
55,54,Free,N
55,55,Free,R
55,56,Free,SR
55,57,Free,SR
55,58,Free,N
55,59,Free,N
55,60,Free,R
55,61,Free,N
55,62,Free,R
55,63,Free,N
55,64,Free,SSR
55,65,Paid,SSR
55,66,Paid,R
56,1,Free,N
56,2,Paid,N
56,3,Paid,R
56,4,Free,N
56,5,Free,SR
56,6,Paid,SR
56,7,Paid,R
56,8,Free,N
56,9,Paid,N
56,10,Paid,SSR
56,11,Free,N
56,12,Paid,N
56,13,Free,R
56,14,Free,R
56,15,Free,N
56,16,Free,N
56,17,Free,N
56,18,Paid,R
56,19,Free,N
56,20,Paid,R
56,21,Free,N
56,22,Free,N
56,23,Free,SR
56,24,Free,R
56,25,Free,SR
56,26,Free,R
56,27,Free,N
56,28,Free,N
56,29,Free,R
56,30,Free,N
56,31,Free,R
56,32,Paid,N
56,33,Free,N
57,1,Paid,R
57,2,Paid,N
57,3,Free,N
57,4,Free,R
57,5,Paid,R
57,6,Paid,N
57,7,Paid,N
57,8,Paid,N
57,9,Free,R
57,10,Free,N
57,11,Free,SR
57,12,Free,SSR
57,13,Paid,R
57,14,Paid,R
57,15,Free,SR
57,16,Free,N
57,17,Free,N
58,1,Free,N
58,2,Free,N
58,3,Paid,N
58,4,Free,N
58,5,Paid,SSR
58,6,Free,N
58,7,Free,N
58,8,Free,N
58,9,Free,N
58,10,Free,R
58,11,Paid,N
58,12,Free,R
58,13,Free,R
58,14,Paid,SR
58,15,Free,SR
58,16,Free,N
58,17,Free,N
58,18,Free,N
58,19,Free,SR
58,20,Free,R
58,21,Paid,N
58,22,Paid,R
58,23,Free,N
58,24,Free,R
58,25,Free,R
58,26,Paid,N
58,27,Free,R
58,28,Paid,SR
58,29,Free,R
58,30,Paid,R
58,31,Free,N
58,32,Free,N
58,33,Free,N
58,34,Free,R
58,35,Free,R
58,36,Free,N
58,37,Free,N
58,38,Free,R
58,39,Free,N
58,40,Free,N
58,41,Free,N
58,42,Free,N
58,43,Free,R
58,44,Paid,N
58,45,Free,SSR
58,46,Paid,N
58,47,Paid,N
58,48,Free,SR
58,49,Free,R
58,50,Free,R
58,51,Free,N
58,52,Free,N
58,53,Free,N
58,54,Free,SR
58,55,Paid,SR
58,56,Free,N
58,57,Free,N
58,58,Free,R
58,59,Free,N
58,60,Free,R
58,61,Free,R
58,62,Free,N
58,63,Free,N
58,64,Free,N
58,65,Free,N
58,66,Paid,R
58,67,Free,N
58,68,Paid,R
58,69,Free,SR
58,70,Paid,N
58,71,Paid,N
58,72,Free,R
58,73,Free,N
58,74,Free,R
58,75,Free,N
58,76,Paid,N
58,77,Free,N
58,78,Free,N
58,79,Paid,N
58,80,Free,SR
58,81,Paid,SSR
58,82,Free,SR
58,83,Free,R
58,84,Free,N
58,85,Paid,N
58,86,Free,N
58,87,Free,R
58,88,Free,N
58,89,Free,R
58,90,Free,N
58,91,Free,N
58,92,Free,N
58,93,Free,N
58,94,Paid,R
58,95,Free,SSR
58,96,Paid,R
58,97,Free,SR
59,1,Paid,R
59,2,Free,N
59,3,Paid,R
59,4,Free,N
59,5,Free,N
59,6,Free,N
59,7,Paid,N
59,8,Free,N
59,9,Paid,N
59,10,Free,N
59,11,Paid,N
59,12,Free,SR
59,13,Free,N
59,14,Paid,N
59,15,Free,R
59,16,Paid,SR
59,17,Free,N
59,18,Free,N
59,19,Free,R
59,20,Free,N
59,21,Free,R
59,22,Paid,N
59,23,Paid,N
59,24,Free,N
59,25,Free,N
59,26,Free,SR
59,27,Free,N
59,28,Free,N
59,29,Paid,R
59,30,Free,N
59,31,Paid,SR
59,32,Paid,SR
59,33,Paid,N
59,34,Paid,N
59,35,Free,SR
59,36,Free,R
59,37,Free,N
59,38,Free,N
59,39,Free,N
59,40,Paid,R
59,41,Free,R
59,42,Free,R
59,43,Paid,R
59,44,Free,SR
59,45,Free,N
59,46,Free,SR
59,47,Paid,SR
59,48,Free,N
59,49,Free,SR
59,50,Paid,R
59,51,Paid,N
59,52,Free,N
59,53,Free,R
59,54,Paid,N
59,55,Paid,SSR
59,56,Free,R
59,57,Free,N
59,58,Paid,SR
59,59,Free,N
59,60,Paid,SR
59,61,Free,N
59,62,Paid,R
59,63,Paid,N
59,64,Paid,R
59,65,Paid,N
59,66,Paid,R
59,67,Free,N
59,68,Free,N
59,69,Paid,N
59,70,Paid,N
59,71,Paid,N
59,72,Paid,SSR
59,73,Paid,N
59,74,Free,N
59,75,Free,N
59,76,Paid,R
59,77,Free,SR
59,78,Paid,N
59,79,Free,N
59,80,Free,N
60,1,Free,R
60,2,Free,N
60,3,Free,N
60,4,Free,SR
60,5,Free,N
60,6,Free,N
60,7,Free,N
60,8,Free,N
60,9,Free,N
60,10,Free,N
60,11,Free,N
60,12,Free,R
60,13,Paid,N
60,14,Paid,SR
60,15,Free,N
60,16,Paid,N
60,17,Free,N
60,18,Free,N
60,19,Paid,SR
60,20,Free,R
60,21,Free,R
60,22,Free,N
60,23,Free,N
60,24,Paid,N
60,25,Paid,N
60,26,Free,N
60,27,Free,N
61,1,Paid,N
61,2,Paid,SR
61,3,Free,SR
61,4,Free,N
61,5,Paid,N
61,6,Paid,N
61,7,Free,SR
61,8,Free,N
61,9,Paid,N
61,10,Free,R
61,11,Free,SR
61,12,Paid,N
61,13,Free,N
61,14,Paid,N
61,15,Free,SR
61,16,Paid,SSR
61,17,Free,N
61,18,Free,R
61,19,Free,N
61,20,Paid,N
61,21,Free,SR
61,22,Free,N
61,23,Free,R
61,24,Free,N
61,25,Paid,SR
61,26,Free,N
61,27,Free,R
61,28,Free,N
61,29,Paid,N
61,30,Free,N
61,31,Free,N
61,32,Free,R
61,33,Paid,SR
61,34,Free,N
61,35,Free,R
61,36,Free,N
61,37,Paid,N
61,38,Paid,SR
61,39,Free,N
61,40,Free,N
61,41,Free,N
61,42,Free,N
61,43,Paid,N
61,44,Free,N
61,45,Free,N
61,46,Free,N
61,47,Free,N
61,48,Free,N
61,49,Free,N
61,50,Free,N
61,51,Free,R
61,52,Paid,SR
61,53,Paid,N
61,54,Free,R
61,55,Free,N
61,56,Free,R
61,57,Free,SR
61,58,Paid,N
61,59,Free,N
61,60,Paid,SR
61,61,Free,R
61,62,Free,N
61,63,Free,N
61,64,Free,N
61,65,Free,R
61,66,Free,SR
61,67,Paid,R
61,68,Free,R
61,69,Free,SSR
61,70,Paid,N
61,71,Free,R
61,72,Free,N
61,73,Free,R
61,74,Paid,N
61,75,Free,N
61,76,Free,SR
61,77,Free,R
61,78,Paid,N
61,79,Free,R
61,80,Free,N
61,81,Paid,N
61,82,Free,N
62,1,Free,N
62,2,Paid,N
63,1,Free,R
63,2,Paid,N
63,3,Free,R
63,4,Paid,N
63,5,Paid,N
63,6,Paid,R
63,7,Free,N
63,8,Free,SR
63,9,Paid,SSR
63,10,Paid,R
63,11,Free,N
63,12,Free,SSR
63,13,Paid,SR
63,14,Free,N
63,15,Free,R
63,16,Paid,R
63,17,Paid,R
63,18,Free,N
63,19,Free,N
63,20,Paid,R
63,21,Paid,R
63,22,Paid,SR
63,23,Paid,N
63,24,Paid,N
63,25,Free,N
63,26,Paid,N
63,27,Paid,R
63,28,Free,R
64,1,Free,R
64,2,Paid,N
64,3,Paid,R
64,4,Free,N
64,5,Free,N
64,6,Free,N
64,7,Free,N
64,8,Paid,N
64,9,Free,N
64,10,Free,SR
64,11,Paid,N
64,12,Free,SR
64,13,Paid,R
64,14,Paid,N
64,15,Free,R
64,16,Paid,N
64,17,Paid,SR
64,18,Paid,N
64,19,Free,N
64,20,Paid,SR
64,21,Paid,R
64,22,Paid,R
64,23,Free,R
64,24,Free,N
64,25,Paid,N
64,26,Free,N
64,27,Paid,N
64,28,Free,SR
64,29,Free,N
64,30,Paid,N
64,31,Paid,SR
64,32,Free,N
64,33,Free,N
64,34,Paid,R
64,35,Free,N
64,36,Free,N
64,37,Free,N
64,38,Paid,N
65,1,Paid,SSR
65,2,Free,R
65,3,Free,R
65,4,Paid,SR
65,5,Free,N
65,6,Free,SSR
65,7,Free,R
65,8,Free,R
65,9,Free,SR
65,10,Free,N
65,11,Paid,R
65,12,Free,SR
65,13,Free,SSR
65,14,Paid,R
65,15,Free,N
65,16,Paid,N
65,17,Free,R
65,18,Free,N
65,19,Free,N
65,20,Free,N
65,21,Free,N
65,22,Free,N
66,1,Paid,SSR
66,2,Free,R
66,3,Free,N
66,4,Free,N
66,5,Paid,R
66,6,Paid,N
66,7,Free,N
66,8,Free,N
66,9,Paid,R
66,10,Free,R
66,11,Free,N
66,12,Paid,N
66,13,Paid,N
66,14,Paid,N
66,15,Free,N
66,16,Free,SSR
66,17,Paid,SR
66,18,Free,SR
66,19,Free,N
66,20,Free,N
66,21,Free,N
66,22,Free,N
66,23,Paid,R
66,24,Free,N
66,25,Free,N
66,26,Paid,N
66,27,Free,SR
66,28,Paid,R
66,29,Free,N
66,30,Paid,N
66,31,Paid,R
66,32,Free,N
66,33,Free,N
66,34,Free,R
66,35,Free,N
66,36,Free,N
66,37,Paid,N
66,38,Free,N
66,39,Free,R
66,40,Free,N
66,41,Free,N
66,42,Free,N
66,43,Free,SSR
66,44,Free,N
66,45,Free,R
66,46,Free,R
66,47,Paid,SR
66,48,Paid,R
66,49,Paid,N
66,50,Free,SSR
66,51,Paid,N
66,52,Free,SR
66,53,Paid,N
66,54,Paid,N
66,55,Paid,N
66,56,Free,R
66,57,Free,SR
66,58,Paid,N
66,59,Free,SSR
66,60,Paid,N
66,61,Free,SR
67,1,Free,N
67,2,Free,R
67,3,Paid,N
67,4,Paid,N
67,5,Free,SR
67,6,Paid,R
67,7,Free,N
67,8,Free,N
67,9,Paid,N
67,10,Paid,N
67,11,Free,N
67,12,Free,R
67,13,Free,N
67,14,Free,R
67,15,Free,N
67,16,Free,N
67,17,Free,N
67,18,Free,SSR
67,19,Free,N
67,20,Paid,N
67,21,Paid,N
67,22,Free,R
67,23,Paid,R
67,24,Paid,N
67,25,Free,SR
67,26,Paid,N
67,27,Free,N
67,28,Paid,SR
67,29,Free,SR
67,30,Free,R
67,31,Free,R
67,32,Paid,N
67,33,Free,N
67,34,Paid,N
67,35,Free,SR
67,36,Free,N
67,37,Paid,N
67,38,Paid,R
67,39,Paid,N
67,40,Free,R
67,41,Paid,N
67,42,Paid,R
67,43,Paid,R
67,44,Free,N
67,45,Paid,N
67,46,Free,R
67,47,Paid,N
67,48,Paid,SSR
67,49,Free,N
67,50,Free,N
67,51,Free,N
67,52,Free,SR
67,53,Paid,R
67,54,Free,N
67,55,Free,N
67,56,Free,N
67,57,Free,R
67,58,Free,SR
67,59,Paid,R
67,60,Free,N
67,61,Paid,R
67,62,Paid,N
67,63,Paid,N
67,64,Paid,N
67,65,Free,N
67,66,Free,R
67,67,Free,N
67,68,Free,R
67,69,Free,N
67,70,Free,R
67,71,Free,R
67,72,Free,N
67,73,Free,N
67,74,Paid,N
67,75,Paid,N
67,76,Paid,SR
67,77,Free,R
67,78,Free,SR
67,79,Free,N
67,80,Paid,N
67,81,Paid,N
67,82,Free,R
67,83,Free,R
67,84,Free,SR
67,85,Free,R
67,86,Paid,SR
67,87,Free,SSR
67,88,Free,R
67,89,Paid,SR
67,90,Paid,R
67,91,Free,SR
67,92,Paid,SSR
67,93,Free,N
68,1,Paid,R
68,2,Free,R
68,3,Free,N
68,4,Free,R
68,5,Free,N
68,6,Paid,SSR
68,7,Free,R
68,8,Free,R
68,9,Free,N
68,10,Paid,N
68,11,Paid,R
68,12,Free,N
68,13,Free,N
68,14,Free,N
68,15,Free,N
68,16,Free,N
68,17,Free,R
68,18,Free,N
68,19,Paid,N
68,20,Paid,R
68,21,Free,N
68,22,Paid,N
68,23,Free,R
68,24,Free,N
68,25,Free,N
68,26,Free,SR
68,27,Paid,N
68,28,Paid,SR
68,29,Free,N
68,30,Free,SSR
68,31,Paid,N
68,32,Free,N
68,33,Paid,SR
68,34,Free,N
68,35,Paid,N
68,36,Free,SR
68,37,Free,N
68,38,Free,SR
68,39,Free,N
68,40,Free,SR
68,41,Free,SR
68,42,Paid,N
68,43,Paid,R
68,44,Free,R
68,45,Free,N
68,46,Paid,N
68,47,Free,N
68,48,Free,N
68,49,Free,R
68,50,Paid,N
68,51,Paid,N
68,52,Free,SSR
68,53,Free,R
68,54,Free,N
68,55,Free,N
68,56,Paid,N
68,57,Paid,SR
68,58,Free,N
68,59,Free,SR
68,60,Free,SSR
68,61,Free,R
68,62,Free,N
68,63,Free,N
68,64,Free,N
68,65,Paid,N
68,66,Free,R
68,67,Free,N
68,68,Paid,N
68,69,Free,N
68,70,Paid,R
68,71,Free,SSR
68,72,Free,SR
68,73,Free,N
68,74,Paid,N
68,75,Paid,N
68,76,Free,N
68,77,Free,N
68,78,Paid,R
68,79,Free,N
68,80,Free,N
68,81,Free,R
68,82,Paid,N
68,83,Free,N
68,84,Free,N
68,85,Free,N
68,86,Free,N
68,87,Free,N
68,88,Free,N
68,89,Paid,N
68,90,Free,N
68,91,Paid,R
68,92,Paid,R
68,93,Paid,N
68,94,Free,R
68,95,Free,N
68,96,Free,R
69,1,Free,SSR
69,2,Paid,SR
69,3,Free,N
69,4,Free,N
69,5,Free,R
69,6,Paid,R
69,7,Free,SSR
69,8,Free,R
69,9,Paid,R
70,1,Free,N
71,1,Paid,N
71,2,Paid,N
71,3,Free,R
71,4,Paid,R
71,5,Paid,N
71,6,Free,N
71,7,Free,R
71,8,Free,N
71,9,Free,N
71,10,Free,SSR
71,11,Paid,N
71,12,Free,N
71,13,Paid,N
71,14,Free,N
71,15,Free,SR
71,16,Paid,N
71,17,Paid,SSR
71,18,Free,SR
71,19,Paid,SSR
71,20,Paid,N
71,21,Paid,R
72,1,Free,N
72,2,Free,N
72,3,Free,N
72,4,Paid,N
72,5,Paid,R
72,6,Paid,R
72,7,Free,SR
72,8,Free,R
72,9,Free,N
72,10,Paid,N
72,11,Paid,SR
72,12,Paid,N
72,13,Free,N
72,14,Paid,SSR
72,15,Free,SR
72,16,Free,N
72,17,Free,N
72,18,Free,N
72,19,Free,SR
72,20,Free,N
72,21,Free,SR
72,22,Paid,N
72,23,Free,R
72,24,Free,N
72,25,Free,R
72,26,Free,N
72,27,Free,N
72,28,Paid,R
72,29,Free,N
72,30,Free,N
72,31,Free,N
72,32,Free,R
72,33,Free,R
72,34,Free,N
72,35,Free,N
72,36,Free,R
72,37,Free,R
72,38,Free,N
72,39,Free,N
72,40,Free,SSR
72,41,Free,R
72,42,Free,N
72,43,Free,SR
72,44,Free,N
72,45,Free,N
72,46,Free,R
72,47,Paid,N
72,48,Free,N
72,49,Free,SR
72,50,Free,N
73,1,Paid,SSR
73,2,Paid,N
73,3,Free,SSR
73,4,Paid,N
73,5,Free,N
73,6,Free,N
73,7,Free,R
73,8,Free,N
73,9,Paid,N
73,10,Free,N
73,11,Paid,SR
73,12,Paid,N
73,13,Free,R
73,14,Free,N
73,15,Paid,N
73,16,Free,N
73,17,Free,R
73,18,Paid,N
73,19,Paid,N
73,20,Free,R
73,21,Free,N
73,22,Paid,SR
73,23,Paid,N
73,24,Free,N
73,25,Free,N
73,26,Paid,N
73,27,Free,N
73,28,Paid,SR
73,29,Paid,N
73,30,Free,N
73,31,Paid,SSR
73,32,Paid,SSR
73,33,Free,N
73,34,Paid,N
73,35,Free,N
73,36,Paid,N
73,37,Paid,R
73,38,Paid,N
73,39,Paid,N
73,40,Free,N
73,41,Paid,SR
73,42,Free,N
73,43,Free,N
73,44,Free,N
73,45,Free,SR
73,46,Free,SR
73,47,Paid,R
73,48,Free,N
73,49,Free,SSR
73,50,Paid,R
73,51,Paid,N
73,52,Free,R
74,1,Free,N
74,2,Free,N
74,3,Free,SR
74,4,Paid,N
74,5,Paid,SR
74,6,Paid,R
74,7,Paid,N
74,8,Paid,N
74,9,Paid,SR
74,10,Paid,R
74,11,Paid,R
74,12,Free,N
74,13,Free,R
74,14,Free,N
74,15,Free,N
74,16,Paid,N
74,17,Paid,SR
74,18,Paid,N
74,19,Free,N
74,20,Free,R
74,21,Paid,N
74,22,Free,N
74,23,Free,N
74,24,Paid,N
74,25,Free,N
74,26,Free,N
74,27,Free,R
74,28,Free,SR
74,29,Free,N
74,30,Free,N
74,31,Free,N
75,1,Paid,N
75,2,Free,SSR
75,3,Free,N
75,4,Paid,N
75,5,Free,N
75,6,Paid,N
75,7,Free,N
75,8,Free,N
75,9,Paid,N
75,10,Free,N
75,11,Free,SR
75,12,Free,N
75,13,Free,N
75,14,Paid,R
75,15,Free,R
75,16,Free,N
75,17,Free,N
75,18,Free,R
75,19,Paid,N
75,20,Free,N
75,21,Paid,R
75,22,Free,N
75,23,Free,R
75,24,Free,N
75,25,Paid,N
75,26,Paid,SSR
75,27,Free,R
75,28,Free,N
75,29,Free,SR
75,30,Paid,N
75,31,Free,R
75,32,Paid,R
75,33,Free,N
75,34,Free,R
75,35,Free,N
75,36,Free,N
75,37,Free,N
75,38,Paid,N
75,39,Paid,R
75,40,Free,N
75,41,Free,R
75,42,Paid,R
75,43,Free,SR
75,44,Free,N
75,45,Free,N
75,46,Paid,N
75,47,Free,SSR
75,48,Free,N
75,49,Free,N
75,50,Paid,N
75,51,Paid,R
75,52,Paid,SSR
75,53,Free,R
75,54,Free,N
75,55,Free,R
75,56,Free,SSR
75,57,Free,N
75,58,Paid,N
75,59,Free,N
75,60,Free,N
75,61,Paid,N
75,62,Free,N
75,63,Free,R
75,64,Paid,SR
75,65,Free,N
75,66,Free,N
75,67,Free,SR
76,1,Free,N
76,2,Paid,R
76,3,Paid,R
76,4,Free,R
76,5,Free,N
76,6,Free,N
76,7,Free,N
76,8,Free,R
76,9,Paid,SR
76,10,Paid,N
76,11,Free,N
76,12,Paid,N
76,13,Free,R
76,14,Free,R
76,15,Free,N
76,16,Free,N
76,17,Free,N
76,18,Free,R
76,19,Paid,SR
76,20,Free,N
76,21,Free,SR
76,22,Free,R
76,23,Free,N
76,24,Free,N
76,25,Free,N
76,26,Free,N
76,27,Free,N
76,28,Free,R
76,29,Paid,N
76,30,Paid,N
76,31,Paid,R
76,32,Free,R
76,33,Free,N
76,34,Free,N
76,35,Paid,N
76,36,Paid,N
76,37,Paid,N
76,38,Free,N
76,39,Paid,R
76,40,Free,SR
76,41,Free,SR
76,42,Free,N
76,43,Free,SR
76,44,Paid,N
76,45,Free,R
77,1,Free,R
77,2,Free,N
77,3,Free,N
77,4,Free,N
77,5,Free,SSR
77,6,Paid,N
77,7,Free,R
77,8,Free,R
77,9,Free,R
77,10,Paid,N
77,11,Paid,N
77,12,Free,SR
77,13,Free,SR
77,14,Free,N
77,15,Free,N
77,16,Free,N
77,17,Free,R
77,18,Free,N
77,19,Free,R
77,20,Free,R
77,21,Paid,SSR
77,22,Free,N
77,23,Free,N
77,24,Free,N
77,25,Free,R
77,26,Paid,N
77,27,Free,N
77,28,Paid,N
77,29,Paid,N
77,30,Paid,N
77,31,Paid,R
77,32,Free,SR
77,33,Paid,N
77,34,Paid,SR
77,35,Free,N
77,36,Free,N
77,37,Paid,N
77,38,Paid,N
77,39,Free,R
77,40,Free,N
77,41,Paid,N
77,42,Free,SR
77,43,Free,N
77,44,Free,N
77,45,Paid,SSR
77,46,Free,N
77,47,Paid,N
77,48,Paid,SR
77,49,Free,N
77,50,Paid,N
77,51,Free,N
77,52,Paid,N
77,53,Free,N
77,54,Paid,N
77,55,Free,N
77,56,Free,N
77,57,Paid,SR
77,58,Paid,N
77,59,Free,N
77,60,Free,R
77,61,Free,N
77,62,Paid,R
77,63,Paid,SSR
77,64,Paid,N
77,65,Free,N
77,66,Free,N
78,1,Paid,SSR
78,2,Paid,R
78,3,Free,N
78,4,Paid,N
78,5,Free,R
78,6,Free,R
79,1,Paid,N
79,2,Free,R
79,3,Paid,SR
79,4,Free,N
79,5,Free,N
79,6,Paid,N
79,7,Free,N
79,8,Free,N
79,9,Free,SSR
79,10,Free,R
79,11,Paid,SSR
79,12,Free,R
79,13,Paid,N
79,14,Paid,N
79,15,Paid,N
79,16,Paid,R
80,1,Paid,R
80,2,Paid,N
80,3,Free,N
80,4,Free,N
80,5,Free,N
80,6,Free,N
80,7,Paid,R
80,8,Free,N
80,9,Free,N
80,10,Paid,N
80,11,Paid,SR
80,12,Free,SR
80,13,Free,SR
80,14,Paid,N
80,15,Paid,SSR
80,16,Paid,N
80,17,Free,R
80,18,Paid,SR
80,19,Paid,N
80,20,Paid,N
80,21,Free,R
80,22,Free,N
80,23,Paid,N
80,24,Paid,N
80,25,Free,N
80,26,Free,R
80,27,Paid,N
80,28,Free,R
80,29,Free,R
80,30,Paid,R
80,31,Free,N
80,32,Paid,N
80,33,Free,R
80,34,Paid,N
80,35,Free,SR
80,36,Free,SR
81,1,Free,N
81,2,Free,N
81,3,Free,N
81,4,Paid,N
81,5,Free,N
81,6,Free,N
81,7,Paid,SSR
81,8,Free,N
81,9,Paid,N
81,10,Free,N
81,11,Free,SR
81,12,Paid,SR
81,13,Free,N
81,14,Paid,SR
82,1,Free,R
82,2,Free,SSR
82,3,Free,N
83,1,Paid,N
83,2,Free,N
83,3,Free,R
83,4,Paid,N
83,5,Paid,N
83,6,Free,N
83,7,Paid,N
83,8,Paid,N
83,9,Free,R
84,1,Free,SSR
84,2,Free,R
84,3,Paid,N
84,4,Paid,SR
84,5,Paid,R
84,6,Free,R
84,7,Free,N
84,8,Paid,N
84,9,Free,R
84,10,Free,R
84,11,Free,N
84,12,Free,N
84,13,Paid,SR
84,14,Paid,SSR
84,15,Free,R
84,16,Free,SR
84,17,Free,N
84,18,Free,R
84,19,Free,N
84,20,Paid,N
84,21,Free,N
85,1,Paid,N
85,2,Free,R
85,3,Free,N
85,4,Free,N
85,5,Free,N
85,6,Free,SR
85,7,Free,N
85,8,Free,N
85,9,Paid,SR
85,10,Paid,N
85,11,Free,R
85,12,Free,R
85,13,Paid,N
85,14,Free,N
85,15,Paid,SR
85,16,Paid,N
85,17,Free,SSR
85,18,Paid,R
85,19,Free,N
85,20,Paid,N
85,21,Free,N
85,22,Paid,N
85,23,Free,N
85,24,Free,N
85,25,Free,R
85,26,Free,N
85,27,Free,N
85,28,Free,N
85,29,Free,R
85,30,Paid,R
85,31,Paid,SSR
85,32,Free,N
85,33,Paid,R
85,34,Paid,N
85,35,Paid,N
85,36,Free,R
85,37,Free,N
85,38,Free,SR
85,39,Free,N
85,40,Paid,SSR
85,41,Paid,N
85,42,Paid,N
85,43,Free,N
85,44,Free,SR
85,45,Free,N
85,46,Free,SR
85,47,Free,N
85,48,Paid,R
85,49,Paid,N
85,50,Paid,N
85,51,Paid,N
85,52,Paid,N
85,53,Paid,N
85,54,Free,N
85,55,Free,N
85,56,Free,SR
85,57,Paid,N
85,58,Paid,N
86,1,Free,N
86,2,Paid,SR
86,3,Free,N
86,4,Free,R
86,5,Paid,N
86,6,Paid,N
86,7,Paid,N
86,8,Free,N
86,9,Free,N
86,10,Free,N
86,11,Paid,R
86,12,Free,R
86,13,Paid,N
86,14,Paid,R
86,15,Free,SR
86,16,Paid,R
86,17,Free,N
86,18,Free,N
86,19,Free,N
86,20,Paid,N
86,21,Free,SSR
86,22,Free,R
86,23,Paid,R
86,24,Paid,N
86,25,Free,R
86,26,Paid,R
86,27,Free,R
86,28,Paid,R
86,29,Free,N
86,30,Paid,N
86,31,Free,N
86,32,Paid,R
86,33,Free,N
86,34,Free,R
86,35,Free,N
86,36,Paid,SSR
86,37,Free,R
86,38,Free,N
86,39,Free,N
86,40,Free,R
86,41,Paid,N
86,42,Free,N
86,43,Paid,R
86,44,Free,SSR
86,45,Free,N
86,46,Paid,N
86,47,Paid,N
86,48,Free,N
86,49,Free,SSR
86,50,Free,SR
86,51,Free,SR
86,52,Free,N
86,53,Paid,N
86,54,Free,SR
86,55,Paid,N
86,56,Free,N
86,57,Free,SR
86,58,Paid,N
86,59,Free,N
86,60,Free,N
86,61,Free,SR
86,62,Paid,N
86,63,Free,N
86,64,Paid,R
86,65,Paid,SR
86,66,Free,N
86,67,Free,R
86,68,Paid,N
86,69,Free,N
86,70,Free,SR
86,71,Free,N
86,72,Free,N
86,73,Free,R
86,74,Free,N
86,75,Free,N
86,76,Free,SSR
86,77,Free,R
86,78,Paid,R
87,1,Free,SSR
87,2,Free,R
87,3,Free,N
87,4,Free,N
87,5,Free,SR
87,6,Free,SR
87,7,Free,N
87,8,Free,R
87,9,Free,N
87,10,Free,SR
87,11,Free,N
87,12,Paid,R
87,13,Free,SR
87,14,Free,N
87,15,Free,R
87,16,Free,N
87,17,Paid,N
87,18,Paid,SR
87,19,Free,SR
87,20,Paid,R
87,21,Paid,N
87,22,Paid,N
87,23,Free,R
87,24,Free,N
87,25,Free,N
87,26,Free,R
87,27,Free,SR
87,28,Free,R
87,29,Free,SR
87,30,Paid,N
87,31,Free,N
87,32,Free,N
87,33,Free,SR
87,34,Free,R
87,35,Free,R
87,36,Free,SR
87,37,Free,N
87,38,Paid,N
87,39,Paid,R
87,40,Free,N
87,41,Paid,N
87,42,Paid,SSR
87,43,Free,SR
87,44,Free,R
87,45,Free,N
87,46,Paid,N
87,47,Free,N
87,48,Free,N
87,49,Free,R
87,50,Free,R
87,51,Free,SSR
87,52,Free,SR
87,53,Free,N
87,54,Free,N
87,55,Free,N
87,56,Free,N
87,57,Paid,SSR
87,58,Paid,N
87,59,Free,N
87,60,Paid,R
87,61,Free,SR
87,62,Free,N
87,63,Free,N
87,64,Free,R
87,65,Paid,N
87,66,Paid,N
87,67,Free,SSR
87,68,Paid,R
87,69,Free,N
87,70,Paid,N
87,71,Free,SR
87,72,Free,R
87,73,Free,N
87,74,Free,N
87,75,Free,N
87,76,Paid,SR
87,77,Free,N
87,78,Free,N
87,79,Paid,R
87,80,Free,SR
87,81,Free,R
87,82,Free,SSR
87,83,Free,N
87,84,Free,N
87,85,Free,SR
87,86,Paid,N
87,87,Free,N
87,88,Free,R
87,89,Free,N
87,90,Paid,N
87,91,Free,N
87,92,Free,SR
87,93,Free,R
87,94,Free,N
87,95,Free,N
88,1,Free,R
88,2,Free,R
88,3,Free,N
88,4,Free,N
88,5,Free,SR
88,6,Free,SSR
88,7,Paid,SR
88,8,Free,R
88,9,Free,R
88,10,Free,R
88,11,Paid,SSR
88,12,Free,SR
88,13,Free,N
88,14,Free,N
88,15,Free,SR
88,16,Free,SR
88,17,Paid,SR
88,18,Free,R
88,19,Paid,R
88,20,Paid,N
88,21,Free,N
88,22,Free,N
88,23,Free,SR
88,24,Free,SSR
88,25,Free,SR
88,26,Paid,SR
88,27,Free,R
88,28,Free,N
88,29,Free,N
88,30,Free,N
88,31,Paid,N
88,32,Free,N
88,33,Free,R
88,34,Paid,N
88,35,Paid,N
88,36,Paid,N
88,37,Paid,N
88,38,Free,SR
88,39,Free,N
88,40,Free,SSR
88,41,Free,N
88,42,Paid,R
88,43,Free,R
88,44,Free,N
88,45,Paid,R
88,46,Paid,N
88,47,Free,N
88,48,Paid,N
88,49,Free,SSR
88,50,Paid,N
88,51,Paid,N
88,52,Free,N
88,53,Free,N
88,54,Paid,R
88,55,Free,N
88,56,Paid,N
88,57,Free,R
88,58,Free,R
88,59,Free,N
88,60,Paid,N
88,61,Free,R
89,1,Free,SSR
89,2,Free,R
89,3,Free,N
89,4,Paid,N
89,5,Free,N
89,6,Paid,N
89,7,Paid,N
89,8,Paid,N
89,9,Free,R
89,10,Paid,N
90,1,Paid,N
90,2,Free,SR
90,3,Paid,R
90,4,Paid,R
90,5,Free,SR
90,6,Paid,R
90,7,Free,N
90,8,Free,R
90,9,Paid,N
90,10,Free,N
90,11,Free,N
90,12,Free,SR
90,13,Free,N
90,14,Free,N
90,15,Free,SSR
90,16,Free,N
90,17,Free,R
90,18,Free,N
90,19,Paid,N
90,20,Paid,N
91,1,Free,R
91,2,Paid,N
91,3,Paid,N
91,4,Paid,N
91,5,Free,R
91,6,Free,SR
91,7,Free,N
91,8,Paid,SR
91,9,Paid,N
91,10,Free,R
91,11,Paid,N
91,12,Free,R
91,13,Paid,N
91,14,Free,N
91,15,Free,N
91,16,Free,N
91,17,Free,N
91,18,Free,SSR
91,19,Free,R
91,20,Paid,R
91,21,Free,R
91,22,Free,R
91,23,Paid,SSR
91,24,Free,R
91,25,Paid,N
91,26,Paid,N
91,27,Free,N
91,28,Free,R
91,29,Free,R
91,30,Free,N
91,31,Free,N
91,32,Free,R
91,33,Free,N
91,34,Free,N
91,35,Paid,SSR
91,36,Free,R
91,37,Free,N
91,38,Free,SSR
91,39,Paid,N
91,40,Paid,N
91,41,Free,N
91,42,Paid,R
91,43,Free,R
91,44,Free,N
91,45,Free,N
91,46,Free,SR
91,47,Paid,N
91,48,Paid,N
91,49,Paid,N
91,50,Free,N
91,51,Free,N
91,52,Free,SR
92,1,Free,N
92,2,Free,R
92,3,Paid,R
92,4,Free,R
92,5,Paid,N
92,6,Free,SSR
92,7,Paid,N
92,8,Free,N
92,9,Free,SR
92,10,Free,N
92,11,Free,R
92,12,Free,SR
92,13,Paid,SR
92,14,Free,R
92,15,Paid,N
92,16,Free,N
92,17,Paid,N
92,18,Paid,N
92,19,Paid,SSR
92,20,Free,N
92,21,Free,R
92,22,Free,N
92,23,Free,SR
92,24,Free,R
92,25,Free,N
92,26,Paid,N
92,27,Free,N
92,28,Paid,N
92,29,Paid,R
92,30,Paid,SR
92,31,Free,N
92,32,Free,N
92,33,Paid,SR
92,34,Free,N
92,35,Free,N
92,36,Free,N
92,37,Paid,SR
92,38,Free,R
92,39,Free,N
92,40,Free,N
92,41,Paid,N
92,42,Paid,SR
92,43,Free,SR
92,44,Paid,R
92,45,Paid,N
92,46,Paid,SSR
92,47,Free,N
92,48,Paid,SR
92,49,Free,N
92,50,Free,N
92,51,Free,N
92,52,Paid,N
92,53,Paid,SR
92,54,Free,R
92,55,Free,SR
92,56,Free,N
92,57,Free,R
92,58,Free,R
92,59,Paid,SSR
92,60,Paid,N
92,61,Free,SR
92,62,Paid,N
92,63,Free,N
92,64,Free,N
92,65,Paid,N
92,66,Paid,SR
92,67,Free,R
92,68,Paid,SR
92,69,Free,N
92,70,Free,N
92,71,Free,N
92,72,Paid,R
92,73,Paid,SR
92,74,Paid,N
92,75,Paid,SR
92,76,Free,R
92,77,Free,N
92,78,Free,N
92,79,Free,SR
92,80,Paid,R
92,81,Free,R
92,82,Free,N
92,83,Paid,N
92,84,Free,N
92,85,Paid,SR
92,86,Paid,N
92,87,Free,N
92,88,Free,N
92,89,Free,N
92,90,Paid,N
92,91,Free,N
92,92,Free,N
92,93,Free,N
92,94,Free,N
92,95,Paid,N
92,96,Paid,SR
92,97,Free,N
92,98,Paid,SR
92,99,Free,N
93,1,Free,SR
93,2,Free,R
93,3,Free,N
93,4,Free,R
93,5,Free,N
93,6,Free,R
93,7,Free,R
93,8,Paid,N
93,9,Paid,N
93,10,Free,N
93,11,Free,N
93,12,Paid,N
93,13,Free,R
93,14,Free,N
93,15,Paid,SR
93,16,Free,N
93,17,Paid,R
93,18,Free,R
93,19,Free,N
93,20,Free,N
93,21,Free,N
93,22,Paid,SR
93,23,Paid,R
93,24,Paid,N
93,25,Paid,SR
93,26,Free,R
93,27,Free,R
93,28,Paid,N
93,29,Free,SSR
93,30,Paid,R
93,31,Paid,N
93,32,Free,R
93,33,Free,N
93,34,Paid,N
93,35,Free,N
93,36,Paid,N
93,37,Paid,N
93,38,Free,SR
93,39,Free,R
93,40,Free,SR
93,41,Paid,R
93,42,Free,R
93,43,Paid,N
93,44,Paid,N
93,45,Paid,N
93,46,Free,N
93,47,Free,SR
93,48,Free,N
93,49,Free,R
93,50,Free,N
93,51,Paid,N
93,52,Free,SR
93,53,Paid,N
93,54,Free,R
93,55,Free,N
93,56,Paid,N
93,57,Free,N
93,58,Free,R
93,59,Free,R
93,60,Free,R
93,61,Free,R
93,62,Free,N
93,63,Free,N
93,64,Free,N
93,65,Paid,R
93,66,Free,R
93,67,Paid,N
93,68,Free,R
93,69,Free,N
93,70,Free,N
93,71,Free,N
93,72,Free,N
93,73,Free,SR
93,74,Paid,N
93,75,Free,N
93,76,Free,N
93,77,Paid,N
93,78,Free,N
93,79,Paid,R
93,80,Free,R
93,81,Free,SR
93,82,Free,SR
93,83,Free,SR
93,84,Free,N
93,85,Free,N
93,86,Free,R
93,87,Free,N
93,88,Free,N
93,89,Paid,R
93,90,Free,R
93,91,Free,R
94,1,Paid,N
94,2,Paid,SR
94,3,Paid,SR
94,4,Paid,R
94,5,Free,N
94,6,Paid,R
94,7,Free,SR
94,8,Free,R
94,9,Free,N
94,10,Paid,N
94,11,Paid,N
94,12,Free,N
94,13,Paid,N
94,14,Paid,R
94,15,Paid,R
94,16,Free,N
94,17,Free,R
94,18,Paid,N
94,19,Free,N
94,20,Paid,SSR
94,21,Free,N
94,22,Paid,R
94,23,Free,N
94,24,Free,N
94,25,Free,SSR
94,26,Free,R
94,27,Paid,N
94,28,Paid,N
94,29,Paid,SR
94,30,Free,SR
94,31,Paid,N
94,32,Paid,R
94,33,Paid,R
94,34,Paid,N
94,35,Free,N
94,36,Paid,N
94,37,Free,R
94,38,Paid,R
94,39,Free,N
94,40,Paid,SR
94,41,Free,N
94,42,Free,N
94,43,Free,N
94,44,Free,SSR
94,45,Free,SR
94,46,Free,R
94,47,Free,N
94,48,Free,N
94,49,Paid,N
94,50,Free,N
94,51,Free,N
94,52,Free,SSR
94,53,Paid,SR
94,54,Free,N
94,55,Paid,N
94,56,Free,N
94,57,Paid,SR
94,58,Free,R
94,59,Paid,R
94,60,Free,SR
94,61,Free,N
94,62,Free,SR
94,63,Free,N
94,64,Free,R
94,65,Paid,R
94,66,Paid,SSR
94,67,Free,N
94,68,Free,N
94,69,Free,N
94,70,Paid,R
94,71,Free,SR
94,72,Paid,R
94,73,Free,SR
95,1,Free,N
95,2,Free,R
95,3,Free,N
95,4,Paid,R
95,5,Paid,R
95,6,Paid,N
95,7,Free,R
95,8,Free,N
95,9,Paid,N
95,10,Paid,N
95,11,Free,N
95,12,Free,N
95,13,Free,SR
95,14,Paid,N
95,15,Paid,R
95,16,Free,N
95,17,Free,SR
95,18,Paid,R
95,19,Paid,R
95,20,Free,N
95,21,Free,N
95,22,Free,N
95,23,Free,N
95,24,Free,N
95,25,Free,SR
95,26,Paid,SSR
95,27,Free,R
95,28,Free,N
95,29,Free,SSR
95,30,Paid,N
95,31,Free,N
95,32,Paid,N
95,33,Paid,N
95,34,Free,R
95,35,Free,R
95,36,Free,SSR
95,37,Free,N
95,38,Paid,SSR
95,39,Free,N
95,40,Free,R
95,41,Paid,R
95,42,Paid,N
95,43,Free,N
95,44,Paid,SSR
95,45,Paid,R
95,46,Paid,N
96,1,Free,N
96,2,Paid,N
96,3,Paid,SSR
96,4,Free,N
96,5,Free,R
96,6,Free,R
96,7,Free,R
96,8,Paid,N
96,9,Paid,N
96,10,Free,N
96,11,Paid,N
96,12,Free,R
96,13,Free,N
96,14,Free,SR
96,15,Paid,R
96,16,Paid,R
96,17,Free,N
96,18,Paid,N
96,19,Paid,N
96,20,Free,N
96,21,Free,R
96,22,Paid,N
96,23,Paid,SR
96,24,Free,N
96,25,Paid,SR
96,26,Paid,SR
96,27,Free,R
96,28,Free,N
96,29,Paid,SR
96,30,Paid,R
96,31,Free,R
96,32,Free,R
96,33,Free,SR
97,1,Paid,SR
97,2,Paid,SR
97,3,Free,N
97,4,Paid,R
97,5,Free,N
97,6,Paid,R
97,7,Paid,N
97,8,Paid,N
97,9,Paid,N
97,10,Free,R
97,11,Free,SSR
97,12,Free,N
97,13,Paid,SR
97,14,Paid,N
97,15,Free,N
97,16,Free,N
98,1,Free,R
98,2,Free,SR
98,3,Paid,N
98,4,Free,SR
98,5,Free,N
98,6,Paid,SR
98,7,Free,N
98,8,Free,SR
98,9,Paid,N
98,10,Free,N
98,11,Paid,SR
98,12,Free,SR
98,13,Free,SR
98,14,Free,N
98,15,Free,N
98,16,Free,N
98,17,Free,R
98,18,Paid,N
98,19,Paid,N
98,20,Free,N
98,21,Paid,N
98,22,Paid,R
98,23,Free,SR
98,24,Paid,SSR
98,25,Free,SR
98,26,Paid,SSR
98,27,Free,SR
98,28,Free,N
98,29,Free,N
98,30,Paid,R
98,31,Paid,N
98,32,Free,R
98,33,Free,N
98,34,Free,R
98,35,Paid,N
98,36,Free,N
98,37,Free,SSR
98,38,Free,N
98,39,Free,R
98,40,Free,N
98,41,Free,R
98,42,Free,R
98,43,Paid,N
98,44,Free,N
98,45,Free,N
98,46,Free,N
98,47,Free,N
98,48,Free,N
98,49,Paid,N
98,50,Free,N
98,51,Paid,N
98,52,Paid,N
98,53,Paid,R
98,54,Paid,R
98,55,Paid,N
98,56,Paid,SR
98,57,Free,R
98,58,Free,N
98,59,Free,SR
98,60,Free,N
98,61,Paid,N
98,62,Free,SR
98,63,Free,N
98,64,Free,N
98,65,Free,R
98,66,Free,N
98,67,Free,N
98,68,Paid,N
98,69,Free,R
98,70,Free,N
98,71,Free,R
98,72,Free,N
98,73,Paid,SR
98,74,Free,R
98,75,Free,SSR
98,76,Free,N
98,77,Free,N
98,78,Free,N
98,79,Paid,N
98,80,Free,N
98,81,Free,N
98,82,Paid,R
98,83,Free,N
98,84,Free,N
98,85,Free,N
98,86,Free,N
98,87,Free,N
98,88,Free,R
98,89,Paid,R
98,90,Free,R
98,91,Paid,N
99,1,Free,R
99,2,Free,R
99,3,Free,SR
99,4,Free,R
99,5,Free,R
99,6,Free,R
99,7,Free,R
99,8,Free,N
99,9,Free,R
99,10,Free,N
99,11,Paid,N
99,12,Free,N
99,13,Free,R
99,14,Free,N
99,15,Free,R
99,16,Paid,N
99,17,Free,N
99,18,Paid,R
99,19,Free,N
99,20,Free,N
99,21,Paid,R
99,22,Free,SR
99,23,Free,N
99,24,Free,N
99,25,Paid,SR
99,26,Paid,N
99,27,Paid,R
99,28,Paid,SR
99,29,Free,N
99,30,Free,N
99,31,Paid,N
99,32,Paid,R
99,33,Free,N
99,34,Paid,R
99,35,Paid,N
99,36,Paid,N
99,37,Free,SR
99,38,Paid,R
99,39,Free,N
99,40,Paid,R
99,41,Free,SSR
99,42,Free,R
99,43,Free,R
99,44,Paid,SR
99,45,Paid,R
99,46,Paid,R
99,47,Free,N
99,48,Free,R
99,49,Free,SR
100,1,Free,R
100,2,Free,R
100,3,Paid,R
100,4,Free,N
100,5,Free,N
100,6,Paid,N
100,7,Free,N
100,8,Free,SR
100,9,Free,N
100,10,Free,SSR
100,11,Paid,N
100,12,Free,N
100,13,Free,N
100,14,Paid,R
100,15,Paid,N
100,16,Free,SR
100,17,Free,N
100,18,Free,SR
100,19,Free,R
100,20,Free,N
100,21,Paid,SR
100,22,Paid,R
100,23,Free,N
100,24,Paid,SSR
100,25,Free,N
100,26,Free,N
100,27,Paid,N
100,28,Free,N
100,29,Paid,N
100,30,Free,N
100,31,Free,N
100,32,Free,N
100,33,Free,SR
100,34,Free,SSR
100,35,Paid,N
100,36,Free,N
100,37,Paid,N
100,38,Free,N
100,39,Free,N
100,40,Free,N
100,41,Free,N
100,42,Paid,SR
100,43,Free,N
100,44,Paid,SR
100,45,Free,R
100,46,Free,N
100,47,Free,N
100,48,Paid,N
100,49,Paid,N
100,50,Paid,N
100,51,Free,N
100,52,Free,SR
100,53,Free,N
100,54,Paid,N
100,55,Paid,N
100,56,Paid,N
100,57,Paid,N
100,58,Free,N
100,59,Free,R
100,60,Paid,N
100,61,Free,N
100,62,Free,N
100,63,Free,R
100,64,Paid,N
100,65,Free,R
100,66,Paid,SR
100,67,Free,N
100,68,Paid,N
100,69,Free,N
100,70,Free,R
100,71,Free,N
100,72,Paid,R
100,73,Paid,R
100,74,Paid,SR
100,75,Free,N
100,76,Free,N
100,77,Free,N
100,78,Free,R
100,79,Free,SSR
100,80,Paid,N
100,81,Free,SR
100,82,Paid,SR
100,83,Paid,R
100,84,Free,N
100,85,Free,N
100,86,Paid,N
100,87,Free,N
100,88,Paid,R
100,89,Paid,N
100,90,Free,N
100,91,Free,N
100,92,Free,N
100,93,Free,N
100,94,Free,N
100,95,Free,N
